6267	http://www.wikidata.org/entity/Q29014943
A.F. Vandevorst	http://www.wikidata.org/entity/Q53115453
Aage Thaarup	http://www.wikidata.org/entity/Q18162738
Aarntzen, Jan	http://www.wikidata.org/entity/Q27055706
Abbey Clancy	http://www.wikidata.org/entity/Q2821621
Abbey Lee Kershaw	http://www.wikidata.org/entity/Q479451
Abed Mahfouz	http://www.wikidata.org/entity/Q12224143
Addison Gill	http://www.wikidata.org/entity/Q27842302
Addy van den Krommenacker	http://www.wikidata.org/entity/Q2533336
Adeline André	http://www.wikidata.org/entity/Q2824210
Adesuwa Aighewi	http://www.wikidata.org/entity/Q55080910
Adriana Lima	http://www.wikidata.org/entity/Q151866
Adwoa Aboah	http://www.wikidata.org/entity/Q28967562
Afshin Feiz	http://www.wikidata.org/entity/Q4690381
Agatha	http://www.wikidata.org/entity/Q11190051
Agatha Ruiz de la Prada	http://www.wikidata.org/entity/Q2736351
Agnete Hegelund	http://www.wikidata.org/entity/Q4693169
Agyness Deyn	http://www.wikidata.org/entity/Q181243
Ai Tominaga	http://www.wikidata.org/entity/Q1638484
Ajak Deng	http://www.wikidata.org/entity/Q56715576
Akker, Koos van den	http://www.wikidata.org/entity/Q6430784
Alana Zimmer	http://www.wikidata.org/entity/Q4708172
Alaïa, Azzedine	http://www.wikidata.org/entity/Q2553832
Alaïa, Azzedine (Lugar de nacimiento: Túnez, 1940)	http://www.wikidata.org/entity/Q2553832
Alber Elbaz	http://www.wikidata.org/entity/Q1362757
Albert Watson	http://www.wikidata.org/entity/Q2639006
Alberta Ferretti	http://www.wikidata.org/entity/Q24030802
Alberto Biani	http://www.wikidata.org/entity/Q29048984
Alberto Fabiani	http://www.wikidata.org/entity/Q55282006
Albini, Walter (Lugar de nacimiento: Italia, 1941 - Lugar de defunción: Italia, 1983)	http://www.wikidata.org/entity/Q4017870
Alek Wek	http://www.wikidata.org/entity/Q239508
Alena Akhmadullina	http://www.wikidata.org/entity/Q4073002
Alessandra Ambrosio	http://www.wikidata.org/entity/Q151859
Alessandro Dell'Acqua	http://www.wikidata.org/entity/Q3609984
Alexander	http://www.wikidata.org/entity/Q11425180
Alexander McQueen	http://www.wikidata.org/entity/Q207939
Alexander Wang	http://www.wikidata.org/entity/Q705844
Alexander van Slobbe	http://www.wikidata.org/entity/Q19712663
Alexandra Agoston	http://www.wikidata.org/entity/Q59604511
Alexandre Herchcovitch	http://www.wikidata.org/entity/Q1787860
Alexandre Vauthier	http://www.wikidata.org/entity/Q2834112
Alexina Graham	http://www.wikidata.org/entity/Q14548311
Alexis Mabille	http://www.wikidata.org/entity/Q2834573
Ali Michael	http://www.wikidata.org/entity/Q4725015
Ali Stephens	http://www.wikidata.org/entity/Q3611624
Alice Burdeu	http://www.wikidata.org/entity/Q3611674
Alice Dellal	http://www.wikidata.org/entity/Q510248
Alice McCall	http://www.wikidata.org/entity/Q4725996
Alice Palmer	http://www.wikidata.org/entity/Q4726043
Alice Roi	http://www.wikidata.org/entity/Q4726070
Alima Fofana	http://www.wikidata.org/entity/Q21486038
Alina	http://www.wikidata.org/entity/Q459923
Alina Baikova	http://www.wikidata.org/entity/Q27942411
Aline Weber	http://www.wikidata.org/entity/Q4726776
Alisa	http://www.wikidata.org/entity/Q4669753
Alison Nix	http://www.wikidata.org/entity/Q4727153
Alla Kostromicheva	http://www.wikidata.org/entity/Q26251458
Alla Kostromichova	http://www.wikidata.org/entity/Q26251458
Alvarado, Antonio (Lugar de nacimiento: Alicanten, act. 1978)	http://www.wikidata.org/entity/Q5659448
Alviero Martini	http://www.wikidata.org/entity/Q3613442
Alvin Valley	http://www.wikidata.org/entity/Q33978211
Alyona Osmanova	http://www.wikidata.org/entity/Q16232331
Alyona Subbotina	http://www.wikidata.org/entity/Q18635177
Amanda Hendrick	http://www.wikidata.org/entity/Q4352403
Amanda Laine	http://www.wikidata.org/entity/Q4739666
Amanda Murphy	http://www.wikidata.org/entity/Q48943428
Amanda Wakeley	http://www.wikidata.org/entity/Q4739789
Amanda Ware	http://www.wikidata.org/entity/Q4739794
Amaya Arzuaga	http://www.wikidata.org/entity/Q448156
Amber Anderson	http://www.wikidata.org/entity/Q23001798
Amber Le Bon	http://www.wikidata.org/entity/Q4741266
Amber Valletta	http://www.wikidata.org/entity/Q133820
Ana Beatriz Barros	http://www.wikidata.org/entity/Q239784
Ana Claudia Michels	http://www.wikidata.org/entity/Q448850
Ana Salazar	http://www.wikidata.org/entity/Q483077
Anais Mali	http://www.wikidata.org/entity/Q2845133
Anais Pouliot	http://www.wikidata.org/entity/Q17715128
Anastasia Khozzisova	http://www.wikidata.org/entity/Q4751870
Anastasia Kuznetsova	http://www.wikidata.org/entity/Q4751873
Andi Muise	http://www.wikidata.org/entity/Q3615375
Andre Perugia	http://www.wikidata.org/entity/Q4760033
Andre Tan	http://www.wikidata.org/entity/Q4065380
Andreea Diaconu	http://www.wikidata.org/entity/Q16233750
Andreea Stancu	http://www.wikidata.org/entity/Q4755719
Andrej Pejic	http://www.wikidata.org/entity/Q503007
Andrew Mackenzie	http://www.wikidata.org/entity/Q4275769
André Courrèges	http://www.wikidata.org/entity/Q465447
André, Adeline	http://www.wikidata.org/entity/Q2824210
Anett Griffel	http://www.wikidata.org/entity/Q3482386
Angel Schlesser	http://www.wikidata.org/entity/Q4034024
Angela Lindvall	http://www.wikidata.org/entity/Q271512
Angelina	http://www.wikidata.org/entity/Q29441544
Angelo Tarlazzi	http://www.wikidata.org/entity/Q48773800
Angie	http://www.wikidata.org/entity/Q11190307
Anja Gockel	http://www.wikidata.org/entity/Q107104
Anja Rubik	http://www.wikidata.org/entity/Q235986
Ann Demeulemeester	http://www.wikidata.org/entity/Q466241
Ann Salens	http://www.wikidata.org/entity/Q14943175
Ann-Sofie Back	http://www.wikidata.org/entity/Q4937162
Anna	http://www.wikidata.org/entity/Q11522617
Anna Barsukova	http://www.wikidata.org/entity/Q16198232
Anna Dello Russo	http://www.wikidata.org/entity/Q2461630
Anna Heylen	http://www.wikidata.org/entity/Q2365397
Anna Molinari	http://www.wikidata.org/entity/Q3641225
Anna Selezneva	http://www.wikidata.org/entity/Q2402838
Anna Sui	http://www.wikidata.org/entity/Q262789
Anne Klein	http://www.wikidata.org/entity/Q29017359
Anne Sofie Madsen	http://www.wikidata.org/entity/Q47494233
Anne Valérie Hash	http://www.wikidata.org/entity/Q2851314
Anne Vyalitsyna	http://www.wikidata.org/entity/Q2716298
Annemie Verbeke	http://www.wikidata.org/entity/Q2642012
Anoek Luyten	http://www.wikidata.org/entity/Q52635434
Anouck Lepere	http://www.wikidata.org/entity/Q2236586
Anthony Vaccarello	http://www.wikidata.org/entity/Q23711946
Antoine Peters	http://www.wikidata.org/entity/Q4775523
Antonia Wesseloh	http://www.wikidata.org/entity/Q15783709
Antonio Alvarado	http://www.wikidata.org/entity/Q5659448
Antonio Berardi	http://www.wikidata.org/entity/Q3619247
Antonio Marras	http://www.wikidata.org/entity/Q3619851
Antonio Miro	http://www.wikidata.org/entity/Q8201516
Antonio Pernas	http://www.wikidata.org/entity/Q8201600
Antony Price	http://www.wikidata.org/entity/Q4777245
Arickx, Filip	http://www.wikidata.org/entity/Q21544769
Ariel Meredith	http://www.wikidata.org/entity/Q4790435
Arizona Muse	http://www.wikidata.org/entity/Q2699083
Arkadius	http://www.wikidata.org/entity/Q9159676
Arlenis Sosa	http://www.wikidata.org/entity/Q2407790
Armand Basi	http://www.wikidata.org/entity/Q2168925
Armani Jeans	http://www.wikidata.org/entity/Q56045715
Armani, Giorgio	http://www.wikidata.org/entity/Q157054
Armani, Giorgio (Lugar de nacimiento: Italia, 1934)	http://www.wikidata.org/entity/Q157054
Arne Wahlberg	http://www.wikidata.org/entity/Q6228626
Arzu Kaprol	http://www.wikidata.org/entity/Q26234872
Ashley Isham	http://www.wikidata.org/entity/Q4805484
Ashley, Laura	http://www.wikidata.org/entity/Q449114
Ataui Deng	http://www.wikidata.org/entity/Q17579952
Atelier Gustavolins	http://www.wikidata.org/entity/Q29016635
Audrey Marnay	http://www.wikidata.org/entity/Q2870859
August Strindberg	http://www.wikidata.org/entity/Q7724
Augusta Bernard	http://www.wikidata.org/entity/Q3629552
Augusta Zetterling	http://www.wikidata.org/entity/Q41553961
Aurélie Claudel	http://www.wikidata.org/entity/Q1627337
Ava Smith	http://www.wikidata.org/entity/Q20056601
Axel Malmström	http://www.wikidata.org/entity/Q5974199
Axel Rydin	http://www.wikidata.org/entity/Q41553847
Aymeline Valade	http://www.wikidata.org/entity/Q2874936
Aziz Bekkaoui	http://www.wikidata.org/entity/Q16514163
Azzaro, Loris (Lugar de nacimiento: Túnez, 09/02/1933 - Lugar de defunción: Paris, 23/11/2003)	http://www.wikidata.org/entity/Q320401
Azzedine Alaia	http://www.wikidata.org/entity/Q2553832
Azzedine Alaïa	http://www.wikidata.org/entity/Q2553832
Bache Jespers	http://www.wikidata.org/entity/Q52491472
Back, Ann-Sofie	http://www.wikidata.org/entity/Q4937162
Backlund, Sandra	http://www.wikidata.org/entity/Q4937184
Balenciaga	http://www.wikidata.org/entity/Q1530892
Balmain	http://www.wikidata.org/entity/Q1385309
Balmain, Pierre	http://www.wikidata.org/entity/Q551674
Balmain, Pierre (Lugar de nacimiento: Francia, 1914 - Lugar de defunción: Francia, 1982)	http://www.wikidata.org/entity/Q551674
Bambou	http://www.wikidata.org/entity/Q581225
Band of Outsiders	http://www.wikidata.org/entity/Q16987772
Baptiste Giabiconi	http://www.wikidata.org/entity/Q1397437
Bar Refaeli	http://www.wikidata.org/entity/Q298197
Barbara	http://www.wikidata.org/entity/Q35992
Barbara Bui	http://www.wikidata.org/entity/Q22231612
Barbara Fialho	http://www.wikidata.org/entity/Q16531371
Barbara Hulanicki	http://www.wikidata.org/entity/Q1823236
Barbara Meier	http://www.wikidata.org/entity/Q62508
Barbara Palvin	http://www.wikidata.org/entity/Q24368
Barbara Tfank	http://www.wikidata.org/entity/Q4859357
Barnaart van Bergen, Michael	http://www.wikidata.org/entity/Q2028055
Barros, María	http://www.wikidata.org/entity/Q6003418
Barthet, Jean	http://www.wikidata.org/entity/Q18808300
Bas Kosters	http://www.wikidata.org/entity/Q17566321
Basil Soda	http://www.wikidata.org/entity/Q12195750
Basso & Brooke	http://www.wikidata.org/entity/Q4868183
Bastida, Asunción (Lugar de nacimiento: Barcelona (m), 1902 - Lugar de defunción: Barcelona (m), 1995)	http://www.wikidata.org/entity/Q16172128
Beeuwkes, Ernst Jan	http://www.wikidata.org/entity/Q2293249
Behati Prinsloo	http://www.wikidata.org/entity/Q260645
Behnaz Sarafpour	http://www.wikidata.org/entity/Q4880955
Beirendonck, Walter Van	http://www.wikidata.org/entity/Q1396462
Beirendonck, Walter van	http://www.wikidata.org/entity/Q1396462
Bekkaoui, Aziz	http://www.wikidata.org/entity/Q16514163
Belle & Bunty	http://www.wikidata.org/entity/Q4883584
Ben de Lisi	http://www.wikidata.org/entity/Q4886765
Benno Premsela	http://www.wikidata.org/entity/Q2870056
Benthum, Francisco van	http://www.wikidata.org/entity/Q19716309
Beretta, Anne-Marie	http://www.wikidata.org/entity/Q3617928
Bergen, Mattijs van	http://www.wikidata.org/entity/Q29554424
Bergé-Farwick, Lien	http://www.wikidata.org/entity/Q3241292
Berhanyer, Elio (Lugar de nacimiento: Córdoba, 1933)	http://www.wikidata.org/entity/Q5361171
Bernard Chandran	http://www.wikidata.org/entity/Q4892986
Berndt Klyvare	http://www.wikidata.org/entity/Q5914844
Bernhard Willhelm	http://www.wikidata.org/entity/Q936206
Bertha Valerius	http://www.wikidata.org/entity/Q4984195
Beth	http://www.wikidata.org/entity/Q231657
Beth Ditto	http://www.wikidata.org/entity/Q12827
Beth Levine	http://www.wikidata.org/entity/Q4897573
Betsey Johnson	http://www.wikidata.org/entity/Q467665
Bette Franke	http://www.wikidata.org/entity/Q4898396
Betty Jackson	http://www.wikidata.org/entity/Q4898847
Beverly Feldman	http://www.wikidata.org/entity/Q4899519
Bianca Balti	http://www.wikidata.org/entity/Q292549
Bianca Mosca (designer, probably)	http://www.wikidata.org/entity/Q18164209
Bill Blass	http://www.wikidata.org/entity/Q861953
Bill Gibb	http://www.wikidata.org/entity/Q4909132
Billy Reid	http://www.wikidata.org/entity/Q4913227
Björn Myrman	http://www.wikidata.org/entity/Q5999710
Björn Tagemose	http://www.wikidata.org/entity/Q602022
Blahnik, Manolo	http://www.wikidata.org/entity/Q334412
Bohan, Marc	http://www.wikidata.org/entity/Q3287825
Bohan, Marc (Lugar de nacimiento: Paris, 1926) <BR> Dior, Christian (Lugar de nacimiento: Francia, 1905 - Fecha de defunción: 1957)	http://www.wikidata.org/entity/Q3287825
Bolier, Marielle	http://www.wikidata.org/entity/Q1942435
Bora Aksu	http://www.wikidata.org/entity/Q4944249
Borg Mesch	http://www.wikidata.org/entity/Q5985122
Boris Aronson	http://www.wikidata.org/entity/Q4069851
Boris Bidjan Saberi	http://www.wikidata.org/entity/Q16658127
Bosch, Margareta van den	http://www.wikidata.org/entity/Q4940197
Bottega Veneta	http://www.wikidata.org/entity/Q894874
Bouchra Jarrar	http://www.wikidata.org/entity/Q2921386
Brad Kroenig	http://www.wikidata.org/entity/Q896814
Brandi Quinones	http://www.wikidata.org/entity/Q11688758
Branquinho, Veronique	http://www.wikidata.org/entity/Q2553414
Bregje Heinen	http://www.wikidata.org/entity/Q2349691
Brenda Costa	http://www.wikidata.org/entity/Q742600
Bridget Malcolm	http://www.wikidata.org/entity/Q21621910
Bruce Oldfield	http://www.wikidata.org/entity/Q4978090
Bruna Tenorio	http://www.wikidata.org/entity/Q1021909
Bruno Magli	http://www.wikidata.org/entity/Q3645820
Bruno Pieters	http://www.wikidata.org/entity/Q1879133
Bruuns Bazaar	http://www.wikidata.org/entity/Q10436549
Bui, Barbara	http://www.wikidata.org/entity/Q22231612
Burberry	http://www.wikidata.org/entity/Q390107
Cacharel	http://www.wikidata.org/entity/Q576316
Callot Soeurs	http://www.wikidata.org/entity/Q1423925
Calvin Klein	http://www.wikidata.org/entity/Q214800
Camerino, Giuliana	http://www.wikidata.org/entity/Q3938548
Cameron Russell	http://www.wikidata.org/entity/Q5026365
Camila Finn	http://www.wikidata.org/entity/Q4355481
Caprile, Lorenzo	http://www.wikidata.org/entity/Q48689368
Capucci, Roberto	http://www.wikidata.org/entity/Q1113685
Capucci, Roberto (Lugar de nacimiento: Roma, 1929)	http://www.wikidata.org/entity/Q1113685
Cara Delevingne	http://www.wikidata.org/entity/Q1395624
Cardin, Pierre	http://www.wikidata.org/entity/Q299211
Cardin, Pierre (Lugar de nacimiento: Venecia, 1922)	http://www.wikidata.org/entity/Q299211
Cargelli	http://www.wikidata.org/entity/Q13455750
Carin Wester	http://www.wikidata.org/entity/Q4990348
Carlo Palazzi	http://www.wikidata.org/entity/Q5041565
Carlo Pignatelli	http://www.wikidata.org/entity/Q3659726
Carlos Miele	http://www.wikidata.org/entity/Q5042374
Carmen Freudenthal	http://www.wikidata.org/entity/Q42429140
Carmen Kass	http://www.wikidata.org/entity/Q229566
Carmen Marc Valvo	http://www.wikidata.org/entity/Q5043514
Carola Remer	http://www.wikidata.org/entity/Q17612568
Carolina Herrera	http://www.wikidata.org/entity/Q29017366
Carolina Thaler	http://www.wikidata.org/entity/Q9697678
Caroline Brasch Nielsen	http://www.wikidata.org/entity/Q3660600
Caroline Charles	http://www.wikidata.org/entity/Q17418399
Caroline Corinth	http://www.wikidata.org/entity/Q17465837
Caroline Ribeiro	http://www.wikidata.org/entity/Q5045211
Caroline Trentini	http://www.wikidata.org/entity/Q236731
Caroline de Maigret	http://www.wikidata.org/entity/Q2940084
Carolyn Murphy	http://www.wikidata.org/entity/Q2557751
Castelbajac, Jean-Charles de	http://www.wikidata.org/entity/Q1393509
Castro, José	http://www.wikidata.org/entity/Q3032186
Caterina Ravaglia	http://www.wikidata.org/entity/Q3663525
Catherine Malandrino	http://www.wikidata.org/entity/Q5052801
Catherine McNeil	http://www.wikidata.org/entity/Q655936
Cathy Pill	http://www.wikidata.org/entity/Q2942210
Cato Van Ee	http://www.wikidata.org/entity/Q3663612
Cato van Ee	http://www.wikidata.org/entity/Q3663612
Catta Donkersloot	http://www.wikidata.org/entity/Q5054044
Cavalli, Roberto	http://www.wikidata.org/entity/Q352539
Cecile Sinclair	http://www.wikidata.org/entity/Q973482
Cecilia Chancellor	http://www.wikidata.org/entity/Q9185437
Chado Ralph Rucci	http://www.wikidata.org/entity/Q4401317
Chalayan, Hussein	http://www.wikidata.org/entity/Q729418
Chalayan, Hussein (Lugar de nacimiento: Chipre, 1970)	http://www.wikidata.org/entity/Q729418
Chanel	http://www.wikidata.org/entity/Q218115
Chanel (Lugar de nacimiento: Francia, 1883 - Lugar de defunción: Francia, 1971)	http://www.wikidata.org/entity/Q45661
Chanel Iman	http://www.wikidata.org/entity/Q235158
Chanel, Coco	http://www.wikidata.org/entity/Q45661
Chantal Thomass	http://www.wikidata.org/entity/Q2362011
Charlene Almarvez	http://www.wikidata.org/entity/Q5074646
Charles Anastase	http://www.wikidata.org/entity/Q2958386
Charles Creed	http://www.wikidata.org/entity/Q17508403
Charles Creed (designer, probably)	http://www.wikidata.org/entity/Q17508403
Charles James	http://www.wikidata.org/entity/Q5079420
Charles Jourdan	http://www.wikidata.org/entity/Q2959504
Charlotte Free	http://www.wikidata.org/entity/Q2960977
Charlotte Ronson	http://www.wikidata.org/entity/Q5086127
Chloe	http://www.wikidata.org/entity/Q469309
Chloe Mortaud	http://www.wikidata.org/entity/Q2233398
Chloé Mortaud	http://www.wikidata.org/entity/Q2233398
Chocheng	http://www.wikidata.org/entity/Q5103507
Chris Benz	http://www.wikidata.org/entity/Q5105886
Chris Van der Burght	http://www.wikidata.org/entity/Q52470865
Christian Cota	http://www.wikidata.org/entity/Q5109468
Christian Dior	http://www.wikidata.org/entity/Q159694
Christian Dior (Lugar de nacimiento: Francia, 1905 - Fecha de defunción: 1957)	http://www.wikidata.org/entity/Q159694
Christian Lacroix	http://www.wikidata.org/entity/Q350844
Christian Louboutin	http://www.wikidata.org/entity/Q452136
Christian Siriano	http://www.wikidata.org/entity/Q13424634
Christian Wijnants	http://www.wikidata.org/entity/Q15873901
Christiane Bailly	http://www.wikidata.org/entity/Q2965738
Christophe Josse	http://www.wikidata.org/entity/Q5111769
Christophe Lemaire	http://www.wikidata.org/entity/Q17523744
Christopher Kane	http://www.wikidata.org/entity/Q5112657
Christopher Raeburn	http://www.wikidata.org/entity/Q5113106
Christopher Shannon	http://www.wikidata.org/entity/Q5113226
Chrystele Saint Louis Augustin	http://www.wikidata.org/entity/Q16541166
Claes Iversen	http://www.wikidata.org/entity/Q15711751
Clara Alonso	http://www.wikidata.org/entity/Q2975472
Clark, Ossie	http://www.wikidata.org/entity/Q7107475
Claude Montana	http://www.wikidata.org/entity/Q1096995
Claude Saint-Cyr	http://www.wikidata.org/entity/Q2978114
Claudia Mason	http://www.wikidata.org/entity/Q11690758
Bikkembergs, Dirk	http://www.wikidata.org/entity/Q766965
Coco Chanel	http://www.wikidata.org/entity/Q45661
Coco Rocha	http://www.wikidata.org/entity/Q237928
Cole Mohr	http://www.wikidata.org/entity/Q3405534
Colette Pechekhonova	http://www.wikidata.org/entity/Q5144707
Collette Dinnigan	http://www.wikidata.org/entity/Q5147112
Collignon, Monique	http://www.wikidata.org/entity/Q5521456
Comme des Garcons	http://www.wikidata.org/entity/Q1115170
Comme des Garçons	http://www.wikidata.org/entity/Q1115170
Constance Jablonski	http://www.wikidata.org/entity/Q2619198
Costello Tagliapietra	http://www.wikidata.org/entity/Q5175095
Costume National	http://www.wikidata.org/entity/Q1136537
Courrèges	http://www.wikidata.org/entity/Q16544736
Courrèges, André	http://www.wikidata.org/entity/Q465447
Courrèges, André (Lugar de nacimiento: Francia, 1923)	http://www.wikidata.org/entity/Q465447
Cox, Patrick	http://www.wikidata.org/entity/Q2057505
Creed, Charles	http://www.wikidata.org/entity/Q17508403
Cris Urena	http://www.wikidata.org/entity/Q16234276
Cristobal Balenciaga	http://www.wikidata.org/entity/Q381088
Cristóbal Balenciaga	http://www.wikidata.org/entity/Q381088
Crystal Renn	http://www.wikidata.org/entity/Q253492
Csilla Molnar	http://www.wikidata.org/entity/Q1178579
Cynthia Rowley	http://www.wikidata.org/entity/Q5200151
D&G	http://www.wikidata.org/entity/Q214480
Daiane Conterato	http://www.wikidata.org/entity/Q5209065
Daisy Kroon	http://www.wikidata.org/entity/Q38617697
Daisy Lowe	http://www.wikidata.org/entity/Q866860
Damir Doma	http://www.wikidata.org/entity/Q3012897
Daniel	http://www.wikidata.org/entity/Q2483298
Daniel Sannwald	http://www.wikidata.org/entity/Q28806293
Daniela Borges	http://www.wikidata.org/entity/Q10264033
Daniela Braga	http://www.wikidata.org/entity/Q19879679
Daniela Freitas	http://www.wikidata.org/entity/Q10264037
Danijela Dimitrovska	http://www.wikidata.org/entity/Q2415894
Danny Schwarz	http://www.wikidata.org/entity/Q1164747
Daphne Groeneveld	http://www.wikidata.org/entity/Q447126
Daria Strokous	http://www.wikidata.org/entity/Q1108726
Daria Werbowy	http://www.wikidata.org/entity/Q237973
Daryl van Wouw	http://www.wikidata.org/entity/Q2845072
Daul Kim	http://www.wikidata.org/entity/Q484526
David Agbodji	http://www.wikidata.org/entity/Q27884148
David Armstrong	http://www.wikidata.org/entity/Q3017407
David Koma	http://www.wikidata.org/entity/Q5236101
David Shilling	http://www.wikidata.org/entity/Q5239742
David Sims	http://www.wikidata.org/entity/Q3703336
Dawid Tomaszewski	http://www.wikidata.org/entity/Q549026
Delfine Bafort	http://www.wikidata.org/entity/Q2076531
Demeulemeester, Ann	http://www.wikidata.org/entity/Q466241
Demna Gvasalia	http://www.wikidata.org/entity/Q21572882
Denis Simachev	http://www.wikidata.org/entity/Q4419504
Dennis Basso	http://www.wikidata.org/entity/Q5258187
Derek Lam	http://www.wikidata.org/entity/Q741657
Desigual	http://www.wikidata.org/entity/Q83750
Dewi Driegen	http://www.wikidata.org/entity/Q3706349
Diana Dondoe	http://www.wikidata.org/entity/Q651177
Diana Moldovan	http://www.wikidata.org/entity/Q6648417
Diana Penty	http://www.wikidata.org/entity/Q4781915
Diane von Furstenberg	http://www.wikidata.org/entity/Q272438
Dice Kayek	http://www.wikidata.org/entity/Q5272346
Diego Franssens	http://www.wikidata.org/entity/Q52822903
Digby Morton	http://www.wikidata.org/entity/Q17496503
Dior	http://www.wikidata.org/entity/Q159694
Dior, Christian	http://www.wikidata.org/entity/Q159694
Dior, Christian (Lugar de nacimiento: Francia, 1905 - Fecha de defunción: 1957)	http://www.wikidata.org/entity/Q159694
Dirk Bikkembergs	http://www.wikidata.org/entity/Q766965
Dirk Braeckman	http://www.wikidata.org/entity/Q1952807
Dirk Schönberger	http://www.wikidata.org/entity/Q29048987
Django Steenbakker	http://www.wikidata.org/entity/Q2157818
Dmon Prunner	http://www.wikidata.org/entity/Q3033198
Dolce & Gabbana	http://www.wikidata.org/entity/Q214480
Domenico Vacca	http://www.wikidata.org/entity/Q5290132
Dominique Issermann	http://www.wikidata.org/entity/Q3035235
Dominique Sirop	http://www.wikidata.org/entity/Q3035476
Donna Karan	http://www.wikidata.org/entity/Q464497
Dormoy, Marcelle	http://www.wikidata.org/entity/Q6756371
Dorothea Barth Jorgensen	http://www.wikidata.org/entity/Q16875886
Doucet, Jacques	http://www.wikidata.org/entity/Q1259209
Douglas Coupland	http://www.wikidata.org/entity/Q322060
Douglas Ferguson	http://www.wikidata.org/entity/Q16934990
Doutzen Kroes	http://www.wikidata.org/entity/Q108289
Dree Hemingway	http://www.wikidata.org/entity/Q1083729
Dries Van Noten	http://www.wikidata.org/entity/Q1258918
Dries van Noten	http://www.wikidata.org/entity/Q1258918
Drimmelen, Saskia van	http://www.wikidata.org/entity/Q14313271
Dsquared	http://www.wikidata.org/entity/Q2551058
Dsquared2	http://www.wikidata.org/entity/Q2551058
Du Juan	http://www.wikidata.org/entity/Q703687
Duckie Brown	http://www.wikidata.org/entity/Q5311524
Duro Olowu	http://www.wikidata.org/entity/Q29588814
Eckermann, Ebba von	http://www.wikidata.org/entity/Q56301940
Edie Campbell	http://www.wikidata.org/entity/Q5338024
Edita Vilkeviciute	http://www.wikidata.org/entity/Q2445345
Edouard Vermeulen	http://www.wikidata.org/entity/Q5340228
Edward Colonna	http://www.wikidata.org/entity/Q3579781
Edward Molyneux	http://www.wikidata.org/entity/Q320741
Edward Rayne	http://www.wikidata.org/entity/Q20639067
Edwin Hardy Amies	http://www.wikidata.org/entity/Q5346492
Elena Melnik	http://www.wikidata.org/entity/Q5359073
Elie Saab	http://www.wikidata.org/entity/Q456638
Elie Tahari	http://www.wikidata.org/entity/Q5360729
Elio Berhanyer	http://www.wikidata.org/entity/Q5361171
Elisa Palomino	http://www.wikidata.org/entity/Q29378874
Elisa Sednaoui	http://www.wikidata.org/entity/Q440335
Elise Crombez	http://www.wikidata.org/entity/Q1973906
Eliza Cummings	http://www.wikidata.org/entity/Q5362120
Elle Macpherson	http://www.wikidata.org/entity/Q224097
Elsa Hosk	http://www.wikidata.org/entity/Q2337837
Elsa Schiaparelli	http://www.wikidata.org/entity/Q464023
Elsa Sylvan	http://www.wikidata.org/entity/Q1333447
Elspeth Champcommunal (designer, probably)	http://www.wikidata.org/entity/Q17626533
Elspeth Gibson	http://www.wikidata.org/entity/Q5367728
Elyse Taylor	http://www.wikidata.org/entity/Q5368539
Emanuel Ungaro	http://www.wikidata.org/entity/Q56884659
Emanuela de Paula	http://www.wikidata.org/entity/Q454210
Emilio Pucci	http://www.wikidata.org/entity/Q604667
Emily Baker	http://www.wikidata.org/entity/Q8921527
Emily DiDonato	http://www.wikidata.org/entity/Q388340
Emina Cunmulaj	http://www.wikidata.org/entity/Q1758542
Emma Ishta	http://www.wikidata.org/entity/Q20740822
Emma Maclaren	http://www.wikidata.org/entity/Q5372899
Emmanuelle Khanh	http://www.wikidata.org/entity/Q3052959
Emporio Armani	http://www.wikidata.org/entity/Q3497483
Eniko Mihalik	http://www.wikidata.org/entity/Q3725416
Enrico Coveri	http://www.wikidata.org/entity/Q1631480
Eolo Perfido	http://www.wikidata.org/entity/Q42301563
Eric Tibusch	http://www.wikidata.org/entity/Q392230
Erik Holmén	http://www.wikidata.org/entity/Q21083250
Erik Johansson	http://www.wikidata.org/entity/Q18353878
Erik Liljeroth	http://www.wikidata.org/entity/Q36189144
Erin Fetherston	http://www.wikidata.org/entity/Q5389144
Erin Heatherton	http://www.wikidata.org/entity/Q235959
Erin O'Connor	http://www.wikidata.org/entity/Q1884047
Erin Wasson	http://www.wikidata.org/entity/Q439721
Erreuno	http://www.wikidata.org/entity/Q29048998
Escada	http://www.wikidata.org/entity/Q600986
Esteban Cortazar	http://www.wikidata.org/entity/Q5400768
Esther Heesch	http://www.wikidata.org/entity/Q15436428
Estrella Archs	http://www.wikidata.org/entity/Q16149992
Etienne Tordoir	http://www.wikidata.org/entity/Q60521023
Etro	http://www.wikidata.org/entity/Q1371677
Eugenia Mandzhieva	http://www.wikidata.org/entity/Q5407907
Eva Herzigova	http://www.wikidata.org/entity/Q229509
Eva Riccobono	http://www.wikidata.org/entity/Q1172660
Eve Salvail	http://www.wikidata.org/entity/Q2461763
Evelina Mambetova	http://www.wikidata.org/entity/Q18637683
Fam Irvoll	http://www.wikidata.org/entity/Q16220963
Farida Khelfa	http://www.wikidata.org/entity/Q3066913
Fath, Jacques	http://www.wikidata.org/entity/Q1028975
Fath, Jacques (Lugar de nacimiento: Francia, 1912 - Lugar de defunción: Paris, 1954)	http://www.wikidata.org/entity/Q1028975
Fatima Siad	http://www.wikidata.org/entity/Q5437866
Fausto Sarli	http://www.wikidata.org/entity/Q1398801
Fei Fei Sun	http://www.wikidata.org/entity/Q3742045
Felipe Oliveira Baptista	http://www.wikidata.org/entity/Q5442021
Fendi	http://www.wikidata.org/entity/Q926575
Fernández, Kina (Lugar de nacimiento: Orense)	http://www.wikidata.org/entity/Q9017612
Ferragamo	http://www.wikidata.org/entity/Q981342
Ferragamo, Salvatore	http://www.wikidata.org/entity/Q981342
Ferré, Gianfranco	http://www.wikidata.org/entity/Q470436
Fien Muller	http://www.wikidata.org/entity/Q53109183
Filip Arickx	http://www.wikidata.org/entity/Q21544769
Fiz, Ion	http://www.wikidata.org/entity/Q12259660
Flavia Lucini	http://www.wikidata.org/entity/Q23905388
Flaviana Matata	http://www.wikidata.org/entity/Q2053031
Flo Gennaro	http://www.wikidata.org/entity/Q3746631
Fong Leng	http://www.wikidata.org/entity/Q2595516
Fortuny y Madrazo, Mariano (Lugar de nacimiento: Granada, 1871 - Lugar de defunción: Venecia, 1949)	http://www.wikidata.org/entity/Q1113061
Fortuny, Mariano	http://www.wikidata.org/entity/Q1113061
Francesco Scognamiglio	http://www.wikidata.org/entity/Q3750646
Francesco Smalto	http://www.wikidata.org/entity/Q3081085
Francis Montesinos	http://www.wikidata.org/entity/Q8962251
Francisco van Benthum	http://www.wikidata.org/entity/Q19716309
Franck Sorbier	http://www.wikidata.org/entity/Q3082287
Frank Leder	http://www.wikidata.org/entity/Q5487888
Frankie Morello	http://www.wikidata.org/entity/Q3752024
Frankie Rayder	http://www.wikidata.org/entity/Q3752026
Frans Molenaar	http://www.wikidata.org/entity/Q2329607
François Sagat	http://www.wikidata.org/entity/Q561686
Frederick Fox	http://www.wikidata.org/entity/Q15992985
Freja Beha Erichsen	http://www.wikidata.org/entity/Q232807
Frida Aasen	http://www.wikidata.org/entity/Q17418360
Frida Gustavsson	http://www.wikidata.org/entity/Q1154160
Frizon, Maud	http://www.wikidata.org/entity/Q6792222
Féraud, Louis	http://www.wikidata.org/entity/Q1871683
Gabrielle Chanel	http://www.wikidata.org/entity/Q45661
Gai Mattiolo	http://www.wikidata.org/entity/Q3757224
Galliano, John	http://www.wikidata.org/entity/Q313607
Galliano, John (Lugar de nacimiento: Reino Unido, 1960)	http://www.wikidata.org/entity/Q313607
Garavani, Valentino	http://www.wikidata.org/entity/Q379664
García, Purificación	http://www.wikidata.org/entity/Q22289862
Gareth Pugh	http://www.wikidata.org/entity/Q2416101
Garrett Neff	http://www.wikidata.org/entity/Q1494449
Gary Graham	http://www.wikidata.org/entity/Q5525151
Gaspard Yurkievich	http://www.wikidata.org/entity/Q3098804
Gaultier, Jean Paul	http://www.wikidata.org/entity/Q242868
Gaultier, Jean-Paul	http://www.wikidata.org/entity/Q242868
Gavin Rajah	http://www.wikidata.org/entity/Q5528255
Geanine Marques	http://www.wikidata.org/entity/Q10288605
Georg Jensen	http://www.wikidata.org/entity/Q288218
Georg Renström	http://www.wikidata.org/entity/Q45315704
George	http://www.wikidata.org/entity/Q9118936
George Barnett	http://www.wikidata.org/entity/Q5536728
George Stavropoulos	http://www.wikidata.org/entity/Q5544800
George Styler	http://www.wikidata.org/entity/Q50377035
Georges Chakra	http://www.wikidata.org/entity/Q5546771
Georges Hobeika	http://www.wikidata.org/entity/Q17180652
Georges Saad	http://www.wikidata.org/entity/Q29648109
Georgia Fowler	http://www.wikidata.org/entity/Q22677403
Georgia Frost	http://www.wikidata.org/entity/Q5547497
Georgia Hardinge	http://www.wikidata.org/entity/Q18085857
Georgia Hilmer	http://www.wikidata.org/entity/Q23498177
Georgie Badiel	http://www.wikidata.org/entity/Q22958469
Georgina Grenville	http://www.wikidata.org/entity/Q5548246
Gerald McCann	http://www.wikidata.org/entity/Q20005742
Gerald Watelet	http://www.wikidata.org/entity/Q2060487
Germaine Lecomte	http://www.wikidata.org/entity/Q22018539
Giambattista Valli	http://www.wikidata.org/entity/Q3105126
Gianfranco Ferre	http://www.wikidata.org/entity/Q470436
Gianfranco Ferrè	http://www.wikidata.org/entity/Q470436
Gianfranco Ferré	http://www.wikidata.org/entity/Q470436
Gianni Versace	http://www.wikidata.org/entity/Q696376
Gibb, Bill	http://www.wikidata.org/entity/Q4909132
Gijs Bakker	http://www.wikidata.org/entity/Q5560404
Gilles Berquet	http://www.wikidata.org/entity/Q1524449
Gina Fratini	http://www.wikidata.org/entity/Q5562861
Ginta Lapina	http://www.wikidata.org/entity/Q1827285
Giorgio Armani	http://www.wikidata.org/entity/Q157054
Giorgio di Sant'Angelo	http://www.wikidata.org/entity/Q5563512
Giovanni Chiaramonte	http://www.wikidata.org/entity/Q3767014
Gisele Bündchen	http://www.wikidata.org/entity/Q152208
Giuseppe Zanotti	http://www.wikidata.org/entity/Q3108166
Givenchy	http://www.wikidata.org/entity/Q759210
Givenchy, Hubert de	http://www.wikidata.org/entity/Q167318
Givenchy, Hubert de (Lugar de nacimiento: Francia, 1927)	http://www.wikidata.org/entity/Q167318
Goma, Michel	http://www.wikidata.org/entity/Q3309784
Govers, Frank	http://www.wikidata.org/entity/Q4372635
Govers, Frank (toegeschreven aan)	http://www.wikidata.org/entity/Q4372635
Grace Bol	http://www.wikidata.org/entity/Q55092376
Grace Hartzel	http://www.wikidata.org/entity/Q29913203
Grace Mahary	http://www.wikidata.org/entity/Q19630433
Gracie Carvalho	http://www.wikidata.org/entity/Q2849551
Graham Smith	http://www.wikidata.org/entity/Q5593251
Green, Craig	http://www.wikidata.org/entity/Q23664188
Griffe, Jacques	http://www.wikidata.org/entity/Q3159035
Grès	http://www.wikidata.org/entity/Q25303062
Grès, Alix	http://www.wikidata.org/entity/Q467847
Grès, Madame	http://www.wikidata.org/entity/Q467847
Gucci	http://www.wikidata.org/entity/Q178516
Gucci (Lugar de nacimiento: Italia, 1922)	http://www.wikidata.org/entity/Q16012440
Guido Maria Kretschmer	http://www.wikidata.org/entity/Q1145143
Gunnar Lundh	http://www.wikidata.org/entity/Q5966835
Gustaf Boge	http://www.wikidata.org/entity/Q5580572
Gustavo Lins	http://www.wikidata.org/entity/Q3121385
Guy Kokken	http://www.wikidata.org/entity/Q52828486
Guy Laroche	http://www.wikidata.org/entity/Q371411
Guy Vandenbranden	http://www.wikidata.org/entity/Q21396110
Gérald Watelet	http://www.wikidata.org/entity/Q2060487
Gösta Florman	http://www.wikidata.org/entity/Q5734261
Gösta Glase	http://www.wikidata.org/entity/Q51671233
H&M	http://www.wikidata.org/entity/Q188326
Haider Ackermann	http://www.wikidata.org/entity/Q966153
Hailey Clauson	http://www.wikidata.org/entity/Q5639249
Halston	http://www.wikidata.org/entity/Q456243
Halston, Roy	http://www.wikidata.org/entity/Q456243
Han Jin	http://www.wikidata.org/entity/Q5646618
Hana Jirickova	http://www.wikidata.org/entity/Q12018963
Hana Soukupova	http://www.wikidata.org/entity/Q3274190
Hanaa Ben Abdesslem	http://www.wikidata.org/entity/Q1574173
Hanae Mori	http://www.wikidata.org/entity/Q755465
Hannah Holman	http://www.wikidata.org/entity/Q5648850
Hannah Marshall	http://www.wikidata.org/entity/Q16221890
Hanne Gaby Odiele	http://www.wikidata.org/entity/Q3783092
Hannelore Knuts	http://www.wikidata.org/entity/Q5649095
Hannibal Laguna	http://www.wikidata.org/entity/Q18644222
Hans Hollein	http://www.wikidata.org/entity/Q78884
Hans Malmberg	http://www.wikidata.org/entity/Q6151885
Hans Ubbink	http://www.wikidata.org/entity/Q14777750
Hansen, Maya	http://www.wikidata.org/entity/Q6007612
Hardy Amies	http://www.wikidata.org/entity/Q5346492
Harri Koskinen	http://www.wikidata.org/entity/Q921213
Hartnell, Norman	http://www.wikidata.org/entity/Q5492240
Heather Marks	http://www.wikidata.org/entity/Q1367697
Heatherette	http://www.wikidata.org/entity/Q1592575
Hechter, Daniel	http://www.wikidata.org/entity/Q711826
Heidi Mount	http://www.wikidata.org/entity/Q3784117
Heim, Jacques	http://www.wikidata.org/entity/Q3159088
Heim, Jacques (Lugar de nacimiento: Francia, 1899 - Lugar de defunción: Paris, 1967)	http://www.wikidata.org/entity/Q3159088
Heintz, Rohdi	http://www.wikidata.org/entity/Q5798101
Helen Yarmak	http://www.wikidata.org/entity/Q4538645
Hella Jongerius	http://www.wikidata.org/entity/Q924426
Helmut Lang	http://www.wikidata.org/entity/Q5709676
Hennes & Mauritz	http://www.wikidata.org/entity/Q188326
Henri Hamm	http://www.wikidata.org/entity/Q23913480
Henrik Vibskov	http://www.wikidata.org/entity/Q1803694
Herieth Paul	http://www.wikidata.org/entity/Q16734299
Hermes	http://www.wikidata.org/entity/Q843887
Hermès	http://www.wikidata.org/entity/Q843887
Herpen, Iris van	http://www.wikidata.org/entity/Q2556675
Herrera, Carolina (Lugar de nacimiento: Venezuela, 1939)	http://www.wikidata.org/entity/Q264589
Herrgård, Sighsten	http://www.wikidata.org/entity/Q5803130
Heymans, Max	http://www.wikidata.org/entity/Q2094557
Hierro, Pedro del	http://www.wikidata.org/entity/Q17996436
Hilary Rhoda	http://www.wikidata.org/entity/Q256362
Hiromichi Nakano	http://www.wikidata.org/entity/Q11367725
Holly Fulton	http://www.wikidata.org/entity/Q16502624
Holtblad, Anna	http://www.wikidata.org/entity/Q10412346
Holthaus, Dick	http://www.wikidata.org/entity/Q1934705
Hubert de Givenchy	http://www.wikidata.org/entity/Q167318
Hugo Boss	http://www.wikidata.org/entity/Q491627
Hullekes, Sjaak	http://www.wikidata.org/entity/Q2867242
Hussein Chalayan	http://www.wikidata.org/entity/Q729418
Hélène Edlund	http://www.wikidata.org/entity/Q28922692
Iceberg	http://www.wikidata.org/entity/Q2603072
Iekeliene Stange	http://www.wikidata.org/entity/Q2500248
Ilvie Wittek	http://www.wikidata.org/entity/Q18412641
Imogen Morris Clarke	http://www.wikidata.org/entity/Q3796741
Ineke Hans	http://www.wikidata.org/entity/Q27664194
Inguna Butane	http://www.wikidata.org/entity/Q2984273
Ion Fiz	http://www.wikidata.org/entity/Q12259660
Irakli Nasidze	http://www.wikidata.org/entity/Q3154271
Irina Kulikova	http://www.wikidata.org/entity/Q1648182
Irina Lazareanu	http://www.wikidata.org/entity/Q271456
Irina Shabayeva	http://www.wikidata.org/entity/Q6069931
Irina Sharipova	http://www.wikidata.org/entity/Q6069934
Irina Shayk	http://www.wikidata.org/entity/Q234458
Iris	http://www.wikidata.org/entity/Q15876744
Iris Eichenberg	http://www.wikidata.org/entity/Q15876744
Iris Strubegger	http://www.wikidata.org/entity/Q114438
Iris van Berne	http://www.wikidata.org/entity/Q17403503
Iris van Herpen	http://www.wikidata.org/entity/Q2556675
Isa	http://www.wikidata.org/entity/Q2053715
Isabel Marant	http://www.wikidata.org/entity/Q440616
Isabeli Fontana	http://www.wikidata.org/entity/Q153422
Isabella Melo	http://www.wikidata.org/entity/Q10303856
Iselin Steiro	http://www.wikidata.org/entity/Q2419983
Issey Miyake	http://www.wikidata.org/entity/Q469027
Ivana Pilja	http://www.wikidata.org/entity/Q51934168
Iversen, Claes	http://www.wikidata.org/entity/Q15711751
Izabel Goulart	http://www.wikidata.org/entity/Q232769
J.W. Anderson	http://www.wikidata.org/entity/Q29015034
Jacquelyn Jablonski	http://www.wikidata.org/entity/Q3805999
Jacques Doucet	http://www.wikidata.org/entity/Q1259209
Jacques Esterel	http://www.wikidata.org/entity/Q3158853
Jacques Fath	http://www.wikidata.org/entity/Q1028975
Jacques Griffe	http://www.wikidata.org/entity/Q3159035
Jacques Heim	http://www.wikidata.org/entity/Q3159088
Jacques-Emile Ruhlmann	http://www.wikidata.org/entity/Q954875
Jacquetta Wheeler	http://www.wikidata.org/entity/Q6121002
Jade Parfitt	http://www.wikidata.org/entity/Q6121340
Jake Davies	http://www.wikidata.org/entity/Q3806277
James Galanos	http://www.wikidata.org/entity/Q288889
James, Cornelia	http://www.wikidata.org/entity/Q22234262
Jamie Bochert	http://www.wikidata.org/entity/Q3806791
Jan Aarntzen	http://www.wikidata.org/entity/Q27055706
Jan Jansen	http://www.wikidata.org/entity/Q2520929
Jan Taminiau	http://www.wikidata.org/entity/Q2568967
Jani Gabriel	http://www.wikidata.org/entity/Q16337611
Jasmin	http://www.wikidata.org/entity/Q4178347
Jasmine Tookes	http://www.wikidata.org/entity/Q6161799
Jason Wu	http://www.wikidata.org/entity/Q3807444
Jasper Conran	http://www.wikidata.org/entity/Q6163915
Jasper Garvida	http://www.wikidata.org/entity/Q6163957
Jay McCarroll	http://www.wikidata.org/entity/Q303766
Jayne Pierson	http://www.wikidata.org/entity/Q6167907
Jean Barthet	http://www.wikidata.org/entity/Q18808300
Jean Charles de Castelbajac	http://www.wikidata.org/entity/Q1393509
Jean Muir	http://www.wikidata.org/entity/Q6171234
Jean Patou	http://www.wikidata.org/entity/Q3173864
Jean Tholance	http://www.wikidata.org/entity/Q60658790
Jean-Charles de Castelbajac	http://www.wikidata.org/entity/Q1393509
Jean-Louis Scherrer	http://www.wikidata.org/entity/Q3166980
Jean-Paul Gaultier	http://www.wikidata.org/entity/Q3173870
Jean-Paul Knott	http://www.wikidata.org/entity/Q3168555
Jeanne Lafaurie	http://www.wikidata.org/entity/Q16224815
Jeanne Lanvin	http://www.wikidata.org/entity/Q272717
Jeanne Paquin	http://www.wikidata.org/entity/Q442714
Jed Root	http://www.wikidata.org/entity/Q6172626
Jeisa Chiminazzo	http://www.wikidata.org/entity/Q1637620
Jemma Baines	http://www.wikidata.org/entity/Q16236025
Jen Kao	http://www.wikidata.org/entity/Q6177296
Jeneil Williams	http://www.wikidata.org/entity/Q3807854
Jennifer Lopez	http://www.wikidata.org/entity/Q40715
Jennifer Messelier	http://www.wikidata.org/entity/Q3177091
Jenny Packham	http://www.wikidata.org/entity/Q6179423
Jenny Shimizu	http://www.wikidata.org/entity/Q432710
Jeremy Laing	http://www.wikidata.org/entity/Q17466366
Jeremy Scott	http://www.wikidata.org/entity/Q14484510
Jessica Clarke	http://www.wikidata.org/entity/Q6187136
Jessica Hart	http://www.wikidata.org/entity/Q6187261
Jessica Miller	http://www.wikidata.org/entity/Q6187370
Jessica Stam	http://www.wikidata.org/entity/Q235443
Jessika Wallin	http://www.wikidata.org/entity/Q58131136
Jesus Luz	http://www.wikidata.org/entity/Q3808176
Jesus del Pozo	http://www.wikidata.org/entity/Q9011705
Jesús del Pozo	http://www.wikidata.org/entity/Q9011705
Jil Sander	http://www.wikidata.org/entity/Q17101930
Jill Stuart	http://www.wikidata.org/entity/Q3808291
Jimmy Choo	http://www.wikidata.org/entity/Q362249
Jitrois	http://www.wikidata.org/entity/Q3165030
Jitrois, Jean-Claude	http://www.wikidata.org/entity/Q3165030
Jo Wood	http://www.wikidata.org/entity/Q6204445
Joanna Klimas	http://www.wikidata.org/entity/Q11727431
Joe Casely-Hayford	http://www.wikidata.org/entity/Q16187001
Johanna Jonsson	http://www.wikidata.org/entity/Q4957359
Johansson, Jonny	http://www.wikidata.org/entity/Q17198225
John Bates	http://www.wikidata.org/entity/Q6221077
John Cavanagh	http://www.wikidata.org/entity/Q15443219
John Galliano	http://www.wikidata.org/entity/Q313607
John Richmond	http://www.wikidata.org/entity/Q3182364
John Rocha	http://www.wikidata.org/entity/Q15969100
John Stephen	http://www.wikidata.org/entity/Q6259011
John Varvatos	http://www.wikidata.org/entity/Q1702004
Jon Kortajarena	http://www.wikidata.org/entity/Q716527
Jonathan Saunders	http://www.wikidata.org/entity/Q3809950
Jop van Bennekom	http://www.wikidata.org/entity/Q29574180
Jose Castro	http://www.wikidata.org/entity/Q3032186
Josep Font	http://www.wikidata.org/entity/Q20004585
Josephine Skriver	http://www.wikidata.org/entity/Q15287910
Josh Beech	http://www.wikidata.org/entity/Q3810301
Jourdan Dunn	http://www.wikidata.org/entity/Q2357124
Jourdan, Charles	http://www.wikidata.org/entity/Q2959504
Jourdana Phillips	http://www.wikidata.org/entity/Q58886859
Juanjo Oliva	http://www.wikidata.org/entity/Q2887120
Judith Osborn	http://www.wikidata.org/entity/Q2677562
Julia Clancey	http://www.wikidata.org/entity/Q6306305
Julia Nobis	http://www.wikidata.org/entity/Q17995227
Julia Pereira	http://www.wikidata.org/entity/Q16734387
Julia Saner	http://www.wikidata.org/entity/Q117398
Julia Stegner	http://www.wikidata.org/entity/Q77443
Julia Suszfalak	http://www.wikidata.org/entity/Q18638071
Julie Haus	http://www.wikidata.org/entity/Q6308243
Julie Ordon	http://www.wikidata.org/entity/Q117300
Julie Skarland	http://www.wikidata.org/entity/Q15773849
Julien Fournié	http://www.wikidata.org/entity/Q670606
Julien Macdonald	http://www.wikidata.org/entity/Q3404358
Jum Nakao	http://www.wikidata.org/entity/Q10312929
Junya Watanabe	http://www.wikidata.org/entity/Q375027
Jurgen Bey	http://www.wikidata.org/entity/Q15134662
Kaat Tilley	http://www.wikidata.org/entity/Q2488998
Kamali, Norma	http://www.wikidata.org/entity/Q15921905
Kamila Filipcikova	http://www.wikidata.org/entity/Q6358023
Kansai Yamamoto	http://www.wikidata.org/entity/Q6364496
Karen Elson	http://www.wikidata.org/entity/Q2076087
Karen Walker	http://www.wikidata.org/entity/Q6370114
Karl Lagerfeld	http://www.wikidata.org/entity/Q76716
Karlie Kloss	http://www.wikidata.org/entity/Q292749
Karmen Pedaru	http://www.wikidata.org/entity/Q775309
Karolina Kurkova	http://www.wikidata.org/entity/Q152461
Karolina Waz	http://www.wikidata.org/entity/Q43767173
Kasia Struss	http://www.wikidata.org/entity/Q2390373
Kate Bock	http://www.wikidata.org/entity/Q18613330
Kate King	http://www.wikidata.org/entity/Q16568685
Kate Moss	http://www.wikidata.org/entity/Q212531
Katharine Hamnett	http://www.wikidata.org/entity/Q6376197
Kati Nescher	http://www.wikidata.org/entity/Q9012825
Katie Gallagher	http://www.wikidata.org/entity/Q6377443
Katja of Sweden	http://www.wikidata.org/entity/Q4949710
Katryn Kruger	http://www.wikidata.org/entity/Q28950078
Katty Xiomara	http://www.wikidata.org/entity/Q10314024
Keita Maruyama	http://www.wikidata.org/entity/Q11368217
Keke Lindgard	http://www.wikidata.org/entity/Q43767281
Kelly Brook	http://www.wikidata.org/entity/Q255060
Kelly Mittendorf	http://www.wikidata.org/entity/Q21622070
Kemp, Ronald van der	http://www.wikidata.org/entity/Q28747133
Kendra Spears	http://www.wikidata.org/entity/Q6389009
Kenneth Cole	http://www.wikidata.org/entity/Q3814580
Kenzo	http://www.wikidata.org/entity/Q895795
Kenzo (Lugar de nacimiento: Japón, 1939)	http://www.wikidata.org/entity/Q454927
Kerstin Bernhard	http://www.wikidata.org/entity/Q4938797
Kilian Kerner	http://www.wikidata.org/entity/Q55692741
Kim Jones	http://www.wikidata.org/entity/Q6408929
Kim Noorda	http://www.wikidata.org/entity/Q2632262
Kimberly Ovitz	http://www.wikidata.org/entity/Q16733945
Kina Fernandez	http://www.wikidata.org/entity/Q9017612
Kina Fernández	http://www.wikidata.org/entity/Q9017612
Kira Plastinina	http://www.wikidata.org/entity/Q1071703
Kirsten Owen	http://www.wikidata.org/entity/Q17580360
Kirsty Hume	http://www.wikidata.org/entity/Q6416169
Klavers van Engelen	http://www.wikidata.org/entity/Q19717463
Kleef, Sophie van	http://www.wikidata.org/entity/Q57770404
Klein, Calvin	http://www.wikidata.org/entity/Q214800
Klein, Calvin (Lugar de nacimiento: Nueva York, 1942)	http://www.wikidata.org/entity/Q214800
Knutsson, Filippa	http://www.wikidata.org/entity/Q4959273
Kofi Ansah	http://www.wikidata.org/entity/Q17146204
Kolfinna Kristofersdottir	http://www.wikidata.org/entity/Q6427223
Kosters, Bas	http://www.wikidata.org/entity/Q17566321
Kristen McMenamy	http://www.wikidata.org/entity/Q1751689
Kristian Aadnevik	http://www.wikidata.org/entity/Q6437861
Kristina Romanova	http://www.wikidata.org/entity/Q52635226
Krizia	http://www.wikidata.org/entity/Q436146
Krizia (Lugar de nacimiento: Italia, 1954)	http://www.wikidata.org/entity/Q436146
Ksenia Kahnovich	http://www.wikidata.org/entity/Q6440741
Kumagai, Tokio	http://www.wikidata.org/entity/Q11568795
L'Wren Scott	http://www.wikidata.org/entity/Q13561666
Lacoste	http://www.wikidata.org/entity/Q309031
Lacroix, Christian	http://www.wikidata.org/entity/Q350844
Lacroix, Christian (Lugar de nacimiento: Francia, 1951)	http://www.wikidata.org/entity/Q350844
Laetitia Casta	http://www.wikidata.org/entity/Q207578
Lagerfeld, Karl	http://www.wikidata.org/entity/Q76716
Lagerfeld, Karl (Lugar de nacimiento: Alemania, 10/09/1933)	http://www.wikidata.org/entity/Q76716
Lagerfeld, Karl (Lugar de nacimiento: Alemania, 10/09/1933) <BR> Chanel (Lugar de nacimiento: Francia, 1883 - Lugar de defunción: Francia, 1971)	http://www.wikidata.org/entity/Q76716
Lais Oliveira	http://www.wikidata.org/entity/Q28193580
Lais Ribeiro	http://www.wikidata.org/entity/Q6474117
Lako Bukia	http://www.wikidata.org/entity/Q6479732
Lakshmi Menon	http://www.wikidata.org/entity/Q3533181
Lana	http://www.wikidata.org/entity/Q15739824
Lang, Helmut	http://www.wikidata.org/entity/Q89412
Lanvin	http://www.wikidata.org/entity/Q866899
Lanvin (designer, possibly)	http://www.wikidata.org/entity/Q272717
Lanvin, Jeanne	http://www.wikidata.org/entity/Q272717
Lanvin, Jeanne (Lugar de nacimiento: Francia, 1867 - Fecha de defunción: 1946)	http://www.wikidata.org/entity/Q272717
Lapidus, Ted	http://www.wikidata.org/entity/Q725402
Lara Stone	http://www.wikidata.org/entity/Q239828
Laroche, Guy	http://www.wikidata.org/entity/Q371411
Laroche, Guy (Lugar de nacimiento: Francia, 1923 - Fecha de defunción: 1989)	http://www.wikidata.org/entity/Q371411
Laura Ashley	http://www.wikidata.org/entity/Q449114
Laura Biagiotti	http://www.wikidata.org/entity/Q466195
Lauren, Ralph (Lugar de nacimiento: Nueva York, 14/10/1939)	http://www.wikidata.org/entity/Q296647
Laurent Mercier	http://www.wikidata.org/entity/Q3219387
Lela Rose	http://www.wikidata.org/entity/Q6520696
Lelong, Lucien	http://www.wikidata.org/entity/Q2572377
Lempicka, Lolita	http://www.wikidata.org/entity/Q2404889
Lena Hoschek	http://www.wikidata.org/entity/Q1701006
Leomie Anderson	http://www.wikidata.org/entity/Q38048850
Leon Bakst	http://www.wikidata.org/entity/Q214666
Leticia Birkheuer	http://www.wikidata.org/entity/Q286297
Levine, Beth	http://www.wikidata.org/entity/Q4897573
Liberty Ross	http://www.wikidata.org/entity/Q3237809
Lidewij Edelkoort	http://www.wikidata.org/entity/Q2325398
Lie Sang Bong	http://www.wikidata.org/entity/Q11038902
Lieve Blancquaert	http://www.wikidata.org/entity/Q2690467
Lieve Van Gorp	http://www.wikidata.org/entity/Q52773829
Liisa Winkler	http://www.wikidata.org/entity/Q6546976
Lilly Dache	http://www.wikidata.org/entity/Q3832427
Lily Aldridge	http://www.wikidata.org/entity/Q242368
Lily Cole	http://www.wikidata.org/entity/Q235455
Lily Donaldson	http://www.wikidata.org/entity/Q239425
Limi Feu	http://www.wikidata.org/entity/Q6549402
Linda Loppa	http://www.wikidata.org/entity/Q15878757
Linda Vojtova	http://www.wikidata.org/entity/Q2216272
Lindeberg, Johan	http://www.wikidata.org/entity/Q5954763
Lindsay Ellingson	http://www.wikidata.org/entity/Q259587
Lindsey Wixson	http://www.wikidata.org/entity/Q1988034
Ling Tan	http://www.wikidata.org/entity/Q4118659
Linnea Regnander	http://www.wikidata.org/entity/Q10562837
Lino (Lugar de nacimiento: Madrid (m), 1909[?] - Lugar de defunción: Madrid (m), 1987)	http://www.wikidata.org/entity/Q1434542
Lisa	http://www.wikidata.org/entity/Q26707663
Lisa Weinberg	http://www.wikidata.org/entity/Q29554429
Lissy Trullie	http://www.wikidata.org/entity/Q4983451
Liu Wen	http://www.wikidata.org/entity/Q714343
Liya Kebede	http://www.wikidata.org/entity/Q115201
Liz Claiborne	http://www.wikidata.org/entity/Q465637
Lloyd Klein	http://www.wikidata.org/entity/Q6662548
Locking, Ana	http://www.wikidata.org/entity/Q4750363
Lolita Lempicka	http://www.wikidata.org/entity/Q2404889
Lomba, Modesto (Lugar de nacimiento: Arcaute, 1962)	http://www.wikidata.org/entity/Q4804941
Lorenzo Riva	http://www.wikidata.org/entity/Q3837062
Loris Azzaro	http://www.wikidata.org/entity/Q320401
Lotten von Düben	http://www.wikidata.org/entity/Q4988365
Louis Feraud	http://www.wikidata.org/entity/Q1871683
Louis Féraud	http://www.wikidata.org/entity/Q1871683
Louis Majorelle	http://www.wikidata.org/entity/Q2537308
Louis Vuitton	http://www.wikidata.org/entity/Q191485
Louise Maselis	http://www.wikidata.org/entity/Q2164910
Louise Pedersen	http://www.wikidata.org/entity/Q6688901
Luciano Soprani	http://www.wikidata.org/entity/Q3838717
Lucien Lelong	http://www.wikidata.org/entity/Q2572377
Luis Buchinho	http://www.wikidata.org/entity/Q8112939
Lyn Devon	http://www.wikidata.org/entity/Q6708311
Lyndsey Scott	http://www.wikidata.org/entity/Q37993380
MJ	http://www.wikidata.org/entity/Q27810
Maarten Vanden Abeele	http://www.wikidata.org/entity/Q52189722
Mad Carpentier	http://www.wikidata.org/entity/Q16997529
Madame Grès (Lugar de nacimiento: Paris, 1903 - Lugar de defunción: Francia, 1993)	http://www.wikidata.org/entity/Q467847
Madeleine Blomberg	http://www.wikidata.org/entity/Q4939589
Madeleine Vionnet	http://www.wikidata.org/entity/Q266934
Madeleine de Rauch	http://www.wikidata.org/entity/Q3275767
Magdalena Frackowiak	http://www.wikidata.org/entity/Q2656727
Maggy Rouff	http://www.wikidata.org/entity/Q3276812
Magli, Bruno	http://www.wikidata.org/entity/Q3645820
Maija Isola	http://www.wikidata.org/entity/Q455111
Mainbocher	http://www.wikidata.org/entity/Q3278330
Mainbocher (Lugar de nacimiento: Estados Unidos, 1890 - Lugar de defunción: Estados Unidos, 1976)	http://www.wikidata.org/entity/Q6735934
Maison Martin Margiela	http://www.wikidata.org/entity/Q1726925
Malan Breton	http://www.wikidata.org/entity/Q6741244
Malene Birger	http://www.wikidata.org/entity/Q4939091
Malu	http://www.wikidata.org/entity/Q1565730
Mandy Coon	http://www.wikidata.org/entity/Q6748287
Manish Arora	http://www.wikidata.org/entity/Q6749875
Manolo Blahnik	http://www.wikidata.org/entity/Q334412
Marc Bohan	http://www.wikidata.org/entity/Q3287825
Marc Bouwer	http://www.wikidata.org/entity/Q6755412
Marc Jacobs	http://www.wikidata.org/entity/Q313108
Marc Lagrange	http://www.wikidata.org/entity/Q22002043
Marc Newson	http://www.wikidata.org/entity/Q1355565
Marcel Rochas	http://www.wikidata.org/entity/Q2698469
Marcelia Freesz	http://www.wikidata.org/entity/Q10324997
Margaret Howell	http://www.wikidata.org/entity/Q6759538
Margaret Qualley	http://www.wikidata.org/entity/Q17380672
Margiela, Martin	http://www.wikidata.org/entity/Q978265
Maria	http://www.wikidata.org/entity/Q1414640
Maria Barros	http://www.wikidata.org/entity/Q6003418
Maria Borges	http://www.wikidata.org/entity/Q18534020
Maria Grachvogel	http://www.wikidata.org/entity/Q6761236
Maria Tesch	http://www.wikidata.org/entity/Q16596575
Mariacarla Boscono	http://www.wikidata.org/entity/Q470100
Mariano Fortuny	http://www.wikidata.org/entity/Q1113061
Marie Meyer	http://www.wikidata.org/entity/Q16223280
Marina Faust	http://www.wikidata.org/entity/Q6763819
Marina Yee	http://www.wikidata.org/entity/Q2489357
Marine	http://www.wikidata.org/entity/Q3293192
Marine Deleeuw	http://www.wikidata.org/entity/Q54475640
Mario Testino	http://www.wikidata.org/entity/Q958151
Mariya Markina	http://www.wikidata.org/entity/Q19561378
Marjan Pejoski	http://www.wikidata.org/entity/Q29619
Mark Borthwick	http://www.wikidata.org/entity/Q6766789
Mark Jacobs	http://www.wikidata.org/entity/Q6768226
Markus Lupfer	http://www.wikidata.org/entity/Q56630872
Marloes Horst	http://www.wikidata.org/entity/Q5587
Marni	http://www.wikidata.org/entity/Q3650853
Mart Visser	http://www.wikidata.org/entity/Q2671798
Marta Berzkalna	http://www.wikidata.org/entity/Q6774093
Marta Ferri	http://www.wikidata.org/entity/Q57292731
Martha Hunt	http://www.wikidata.org/entity/Q16663519
Martha Streck	http://www.wikidata.org/entity/Q10326833
Martien Coppens	http://www.wikidata.org/entity/Q2505704
Martin Margiela	http://www.wikidata.org/entity/Q978265
Martine Sitbon	http://www.wikidata.org/entity/Q19630168
Martín, Juana	http://www.wikidata.org/entity/Q5953848
Mary Katrantzou	http://www.wikidata.org/entity/Q6779990
Mary Quant	http://www.wikidata.org/entity/Q234147
Maryna Linchuk	http://www.wikidata.org/entity/Q269199
Masha Ma	http://www.wikidata.org/entity/Q6543702
Masha Novoselova	http://www.wikidata.org/entity/Q6783054
Massimo Dutti	http://www.wikidata.org/entity/Q788231
Mat Gordon	http://www.wikidata.org/entity/Q1537286
Mathias Lauridsen	http://www.wikidata.org/entity/Q2733796
Mats Landin	http://www.wikidata.org/entity/Q46506837
Matthew Williamson	http://www.wikidata.org/entity/Q261862
Mattijs van Bergen	http://www.wikidata.org/entity/Q29554424
Matvey Lykov	http://www.wikidata.org/entity/Q16663791
Maud Frizon	http://www.wikidata.org/entity/Q6792222
Maud Welzen	http://www.wikidata.org/entity/Q4106170
Max Azria	http://www.wikidata.org/entity/Q961437
Max Mara	http://www.wikidata.org/entity/Q1151774
Maxime Simoëns	http://www.wikidata.org/entity/Q3302695
Maya	http://www.wikidata.org/entity/Q204019
Maya Hansen	http://www.wikidata.org/entity/Q6007612
McQueen, Alexander	http://www.wikidata.org/entity/Q207939
Meghan Collison	http://www.wikidata.org/entity/Q6809036
Melodie Monrose	http://www.wikidata.org/entity/Q6813339
Melody	http://www.wikidata.org/entity/Q466111
Melody Woodin	http://www.wikidata.org/entity/Q6813488
Mia Rosing	http://www.wikidata.org/entity/Q3120911
Michael Bastian	http://www.wikidata.org/entity/Q6828487
Michael Kors	http://www.wikidata.org/entity/Q717618
Michael Thompson	http://www.wikidata.org/entity/Q6834868
Michael van der Ham	http://www.wikidata.org/entity/Q6835572
Michaela Kocianova	http://www.wikidata.org/entity/Q3856313
Michaël Verheyden	http://www.wikidata.org/entity/Q2182627
Michel Comte	http://www.wikidata.org/entity/Q125053
Michel Klein	http://www.wikidata.org/entity/Q3310036
Michele Hicks	http://www.wikidata.org/entity/Q3788199
Michelle Alves	http://www.wikidata.org/entity/Q266979
Michelle Buswell	http://www.wikidata.org/entity/Q3856869
Michiel Hendryckx	http://www.wikidata.org/entity/Q2602433
Michiko Koshino	http://www.wikidata.org/entity/Q6837887
Miguel Adrover	http://www.wikidata.org/entity/Q21999741
Miguel Vieira	http://www.wikidata.org/entity/Q10329882
Mila Schön	http://www.wikidata.org/entity/Q3857546
Milana Keller	http://www.wikidata.org/entity/Q3314011
Miles McMillan	http://www.wikidata.org/entity/Q27778067
Milou Van Groesen	http://www.wikidata.org/entity/Q43767077
Ming Xi	http://www.wikidata.org/entity/Q3858382
Miranda Kerr	http://www.wikidata.org/entity/Q127454
Miriam Ponsa	http://www.wikidata.org/entity/Q19301269
Mirte Maas	http://www.wikidata.org/entity/Q3858947
Miró, Antonio	http://www.wikidata.org/entity/Q8201516
Missoni	http://www.wikidata.org/entity/Q1400977
Missy Rayder	http://www.wikidata.org/entity/Q3859299
Miu Miu	http://www.wikidata.org/entity/Q552230
Miyake, Issey	http://www.wikidata.org/entity/Q469027
Miyake, Issey (Lugar de nacimiento: Japón, 1935)	http://www.wikidata.org/entity/Q469027
Molenaar, Frans	http://www.wikidata.org/entity/Q2329607
Molenaar, Frans (modeontwerper)	http://www.wikidata.org/entity/Q2329607
Molyneux	http://www.wikidata.org/entity/Q320741
Molyneux, Edward	http://www.wikidata.org/entity/Q320741
Mona-Lisa Djerf	http://www.wikidata.org/entity/Q58766503
Monique Collignon	http://www.wikidata.org/entity/Q5521456
Monique Lhuillier	http://www.wikidata.org/entity/Q6900365
Monique van Heist	http://www.wikidata.org/entity/Q18390982
Montana Cox	http://www.wikidata.org/entity/Q2890427
Montana, Claude	http://www.wikidata.org/entity/Q1096995
Montana, Claude (París) (Lugar de nacimiento: Francia, 1949)	http://www.wikidata.org/entity/Q1096995
Montesinos, Francis (Lugar de nacimiento: Valencia, act. 1970)	http://www.wikidata.org/entity/Q8962251
Moreni, Popy	http://www.wikidata.org/entity/Q33114005
Morgane Dubled	http://www.wikidata.org/entity/Q454962
Mori, Hanae	http://www.wikidata.org/entity/Q755465
Moschino	http://www.wikidata.org/entity/Q563597
Moschino, Franco	http://www.wikidata.org/entity/Q563597
Moschino, Franco (Lugar de nacimiento: Italia, 1950 - Fecha de defunción: 1994)	http://www.wikidata.org/entity/Q563597
Mugler, Thierry	http://www.wikidata.org/entity/Q862473
Mugler, Thierry (Lugar de nacimiento: Francia, 1948)	http://www.wikidata.org/entity/Q862473
Muguette Buhler	http://www.wikidata.org/entity/Q16665489
Muir, Jean	http://www.wikidata.org/entity/Q6171234
Murielle Scherre	http://www.wikidata.org/entity/Q3202630
Murray Arbeid	http://www.wikidata.org/entity/Q17579851
Murt, Sita (Lugar de nacimiento: Igualada)	http://www.wikidata.org/entity/Q3823369
Myf Shepherd	http://www.wikidata.org/entity/Q3869077
Nadja Bender	http://www.wikidata.org/entity/Q16064647
Naeem Khan	http://www.wikidata.org/entity/Q6958084
Nagi Noda	http://www.wikidata.org/entity/Q3335093
Nanette Lepore	http://www.wikidata.org/entity/Q6141942
Naomi Campbell	http://www.wikidata.org/entity/Q199369
Naomi Preizler	http://www.wikidata.org/entity/Q14949578
Narciso Rodriguez	http://www.wikidata.org/entity/Q56884615
Nasir Mazhar	http://www.wikidata.org/entity/Q3870495
Nastya Kusakina	http://www.wikidata.org/entity/Q22007132
Natalia Semanova	http://www.wikidata.org/entity/Q3336378
Natalia Vodianova	http://www.wikidata.org/entity/Q232754
Natasha Poly	http://www.wikidata.org/entity/Q729757
Natasha Zinko	http://www.wikidata.org/entity/Q19665951
Neil Barrett	http://www.wikidata.org/entity/Q6988271
Nico	http://www.wikidata.org/entity/Q44634
Nicolas Ghesquière	http://www.wikidata.org/entity/Q911984
Nicole Farhi	http://www.wikidata.org/entity/Q1986991
Nicole Miller	http://www.wikidata.org/entity/Q3876473
Niels van Eijk	http://www.wikidata.org/entity/Q29436213
Nika Lauraitis	http://www.wikidata.org/entity/Q7034695
Niko	http://www.wikidata.org/entity/Q5356342
Nilsson, Lars	http://www.wikidata.org/entity/Q6491651
Nimue Smit	http://www.wikidata.org/entity/Q524254
Nina Ricci	http://www.wikidata.org/entity/Q234503
Noah Mills	http://www.wikidata.org/entity/Q1190241
Noreen Carmody	http://www.wikidata.org/entity/Q3343646
Norell, Norman	http://www.wikidata.org/entity/Q1999630
Norma Kamali	http://www.wikidata.org/entity/Q15921905
Norman Hartnell	http://www.wikidata.org/entity/Q5492240
Noten, Dries van	http://www.wikidata.org/entity/Q1258918
Noémie Lenoir	http://www.wikidata.org/entity/Q265782
Ocimar Versolato	http://www.wikidata.org/entity/Q7076499
Octavio Pizarro	http://www.wikidata.org/entity/Q21140659
Oestergaard, Heinz	http://www.wikidata.org/entity/Q110846
Olesya Senchenko	http://www.wikidata.org/entity/Q55839200
Oliva, Juanjo	http://www.wikidata.org/entity/Q2887120
Olivier Strelli	http://www.wikidata.org/entity/Q2360799
Olivier Theyskens	http://www.wikidata.org/entity/Q1547018
Olya Ivanisevic	http://www.wikidata.org/entity/Q7088902
Omahyra Mota	http://www.wikidata.org/entity/Q273820
Orla Kiely	http://www.wikidata.org/entity/Q7102991
Oscar De la Renta	http://www.wikidata.org/entity/Q288029
Oscar Olsson	http://www.wikidata.org/entity/Q6027716
Oscar de la Renta	http://www.wikidata.org/entity/Q288029
Ossie Clark	http://www.wikidata.org/entity/Q7107475
Ottavio Missoni	http://www.wikidata.org/entity/Q10535842
Ozbek, Rifat	http://www.wikidata.org/entity/Q7333216
Paco Rabanne	http://www.wikidata.org/entity/Q467754
Paloma Picasso	http://www.wikidata.org/entity/Q270356
Pam Hogg	http://www.wikidata.org/entity/Q7128938
Pamela Anderson	http://www.wikidata.org/entity/Q83325
Pamella Roland	http://www.wikidata.org/entity/Q51952292
Paola Frani	http://www.wikidata.org/entity/Q3893562
Paquin, Jeanne	http://www.wikidata.org/entity/Q442714
Paquin, Jeanne (Fecha de nacimiento: 1869 - Fecha de defunción: 1936)	http://www.wikidata.org/entity/Q442714
Pascale Gatzen	http://www.wikidata.org/entity/Q29560512
Patou, Jean	http://www.wikidata.org/entity/Q1229352
Patou, Jean (Lugar de nacimiento: Francia, 1880 - Fecha de defunción: 1936)	http://www.wikidata.org/entity/Q1229352
Patricia Schmid	http://www.wikidata.org/entity/Q7145828
Patricia van der Vliet	http://www.wikidata.org/entity/Q7145910
Patrick Cox	http://www.wikidata.org/entity/Q2057505
Patrick Kelly	http://www.wikidata.org/entity/Q7146930
Patrick Mohr	http://www.wikidata.org/entity/Q2057816
Paul Costelloe	http://www.wikidata.org/entity/Q7149981
Paul Iribe	http://www.wikidata.org/entity/Q2059987
Paul Poiret	http://www.wikidata.org/entity/Q631884
Paul Smith	http://www.wikidata.org/entity/Q56884624
Pauline	http://www.wikidata.org/entity/Q35992
Pauline Hoarau	http://www.wikidata.org/entity/Q21055141
Percy Irausquin	http://www.wikidata.org/entity/Q2314760
Pernas, Antonio (Lugar de nacimiento: Coruña (La), 1944)	http://www.wikidata.org/entity/Q8201600
Perry Ellis	http://www.wikidata.org/entity/Q952764
Pertegaz, Manuel	http://www.wikidata.org/entity/Q9028045
Peter Hopman	http://www.wikidata.org/entity/Q2739574
Peter Jensen	http://www.wikidata.org/entity/Q7174972
Peter P Lundh	http://www.wikidata.org/entity/Q5966891
Peter Russell	http://www.wikidata.org/entity/Q18164303
Peter Som	http://www.wikidata.org/entity/Q7177027
Philip Somerville	http://www.wikidata.org/entity/Q18105650
Philip Treacy	http://www.wikidata.org/entity/Q2067944
Philipp Plein	http://www.wikidata.org/entity/Q73234
Philippe Dubuc	http://www.wikidata.org/entity/Q3379768
Pierre Balmain	http://www.wikidata.org/entity/Q551674
Pierre Cardin	http://www.wikidata.org/entity/Q299211
Pieter Huybrechts	http://www.wikidata.org/entity/Q52891389
Piguet, Robert	http://www.wikidata.org/entity/Q118731
Pixie Geldof	http://www.wikidata.org/entity/Q4949746
Piña, Manuel	http://www.wikidata.org/entity/Q9028049
Poiret, Paul	http://www.wikidata.org/entity/Q631884
Poiret, Paul (Lugar de nacimiento: Paris, 1879 - Fecha de defunción: 1944)	http://www.wikidata.org/entity/Q631884
Pollock, Alice	http://www.wikidata.org/entity/Q17484245
Popy Moreni	http://www.wikidata.org/entity/Q33114005
Portia Freeman	http://www.wikidata.org/entity/Q56706012
Pozo, Jesús del	http://www.wikidata.org/entity/Q9011705
Prabal Gurung	http://www.wikidata.org/entity/Q3909793
Prada	http://www.wikidata.org/entity/Q193136
Prada, Miuccia	http://www.wikidata.org/entity/Q242342
Pucci, Emilio	http://www.wikidata.org/entity/Q604667
Quant, Mary	http://www.wikidata.org/entity/Q234147
Querelle Jansen	http://www.wikidata.org/entity/Q7271358
Rabanne, Paco	http://www.wikidata.org/entity/Q467754
Rachel Clark	http://www.wikidata.org/entity/Q7279199
Rachel Comey	http://www.wikidata.org/entity/Q29025501
Rachel Roy	http://www.wikidata.org/entity/Q4472722
Rachel Williams	http://www.wikidata.org/entity/Q7279452
Rad Hourani	http://www.wikidata.org/entity/Q7279915
Raf Simons	http://www.wikidata.org/entity/Q1347583
Rafael	http://www.wikidata.org/entity/Q54481148
Raffaella Curiel	http://www.wikidata.org/entity/Q3929212
Rajesh Pratap Singh	http://www.wikidata.org/entity/Q7286079
Ralph Lauren	http://www.wikidata.org/entity/Q296647
Ralph Rucci	http://www.wikidata.org/entity/Q4401317
Ranya Mordanova	http://www.wikidata.org/entity/Q4302453
Raquel Zimmermann	http://www.wikidata.org/entity/Q242592
Rasa Zukauskaite	http://www.wikidata.org/entity/Q3930360
Rauch, Madeleine de	http://www.wikidata.org/entity/Q3275767
Rebecca Taylor	http://www.wikidata.org/entity/Q7301953
Reed Krakoff	http://www.wikidata.org/entity/Q16731029
Reem Acra	http://www.wikidata.org/entity/Q4117064
Rei Kawakubo	http://www.wikidata.org/entity/Q268033
Renata Sozzi	http://www.wikidata.org/entity/Q10359295
Renato Balestra	http://www.wikidata.org/entity/Q1154396
René Gabriel	http://www.wikidata.org/entity/Q3426229
Ricci, Nina	http://www.wikidata.org/entity/Q234503
Richard Chai	http://www.wikidata.org/entity/Q7324690
Richard Hutten	http://www.wikidata.org/entity/Q2263497
Richard Nicoll	http://www.wikidata.org/entity/Q7328067
Richard Tyler	http://www.wikidata.org/entity/Q7329594
Richie Rich	http://www.wikidata.org/entity/Q7330568
Richmond, John	http://www.wikidata.org/entity/Q3182364
Rick Owens	http://www.wikidata.org/entity/Q556462
Rie	http://www.wikidata.org/entity/Q7333049
Rifat Ozbek	http://www.wikidata.org/entity/Q7333216
Robert Abi Nader	http://www.wikidata.org/entity/Q7341331
Robert Cary-Williams	http://www.wikidata.org/entity/Q7342812
Robert Geller	http://www.wikidata.org/entity/Q7344705
Robert Piguet	http://www.wikidata.org/entity/Q118731
Robert Tonner	http://www.wikidata.org/entity/Q7350428
Roberta Scarpa	http://www.wikidata.org/entity/Q15504470
Roberto Capucci	http://www.wikidata.org/entity/Q1113685
Roberto Cavalli	http://www.wikidata.org/entity/Q352539
Roberto Verino	http://www.wikidata.org/entity/Q3394177
Rocco Barocco	http://www.wikidata.org/entity/Q2255891
Rodebjer, Carin	http://www.wikidata.org/entity/Q4975164
Roksanda Ilincic	http://www.wikidata.org/entity/Q7360083
Roland Mouret	http://www.wikidata.org/entity/Q1287352
Romain Kremer	http://www.wikidata.org/entity/Q17612524
Romana Umrianova	http://www.wikidata.org/entity/Q41674926
Romee Strijd	http://www.wikidata.org/entity/Q18638057
Ronald Paterson	http://www.wikidata.org/entity/Q7365161
Ronald Stoops	http://www.wikidata.org/entity/Q52908232
Ronald van der Kemp	http://www.wikidata.org/entity/Q28747133
Ronja Furrer	http://www.wikidata.org/entity/Q1118734
Rosalie Sjöman	http://www.wikidata.org/entity/Q18245828
Rose Cordero	http://www.wikidata.org/entity/Q9322765
Rosie Huntington-Whiteley	http://www.wikidata.org/entity/Q212006
Rosie Tapner	http://www.wikidata.org/entity/Q17403484
Rossimoda	http://www.wikidata.org/entity/Q60556786
Rouff, Maggy	http://www.wikidata.org/entity/Q3276812
Rozemeijer, Peter	http://www.wikidata.org/entity/Q2053058
Ruben Toledo	http://www.wikidata.org/entity/Q7376005
Rubin Singer	http://www.wikidata.org/entity/Q4167394
Ruby Aldridge	http://www.wikidata.org/entity/Q15557931
Rudi Gernreich	http://www.wikidata.org/entity/Q114041
Ruiz de la Prada, Ágatha (Lugar de nacimiento: Madrid, 1960)	http://www.wikidata.org/entity/Q2736351
Ruiz de la Prada, Ágatha (Lugar de nacimiento: Madrid, 1960) <BR> Famosa (Onil)	http://www.wikidata.org/entity/Q2736351
Rune Hassner	http://www.wikidata.org/entity/Q5792991
Rupert Lycett Green	http://www.wikidata.org/entity/Q17097586
Ryan Taylor	http://www.wikidata.org/entity/Q7384574
Rykiel, Sonia	http://www.wikidata.org/entity/Q237944
Rykiel, Sonia (Paris)	http://www.wikidata.org/entity/Q237944
Sabina	http://www.wikidata.org/entity/Q44845148
Saint Laurent, Yves	http://www.wikidata.org/entity/Q171556
Saint Laurent, Yves (Lugar de nacimiento: Argelia, 1936 - Fecha de defunción: 2008)	http://www.wikidata.org/entity/Q171556
Saint-Laurent, Yves	http://www.wikidata.org/entity/Q171556
Salazar, Ana	http://www.wikidata.org/entity/Q483077
Salvatore Ferragamo	http://www.wikidata.org/entity/Q981342
Samira Hashi	http://www.wikidata.org/entity/Q17011092
Sander, Jil	http://www.wikidata.org/entity/Q69066
Sandra Backlund	http://www.wikidata.org/entity/Q4937184
Sara Sampaio	http://www.wikidata.org/entity/Q10368401
Sardá, Andrés	http://www.wikidata.org/entity/Q3821199
Sasha Luss	http://www.wikidata.org/entity/Q17627251
Sasha Pivovarova	http://www.wikidata.org/entity/Q464491
Saskia de Brauw	http://www.wikidata.org/entity/Q2020155
Saskia van Drimmelen	http://www.wikidata.org/entity/Q14313271
Schiaparelli, Elsa	http://www.wikidata.org/entity/Q464023
Schiaparelli, Elsa (Lugar de nacimiento: Roma, 1890 - Lugar de defunción: Paris, 1954)	http://www.wikidata.org/entity/Q464023
Schlesser, Ángel	http://www.wikidata.org/entity/Q4034024
Scott Henshall	http://www.wikidata.org/entity/Q7436491
Scott Maslen	http://www.wikidata.org/entity/Q2260957
Scott Schuman	http://www.wikidata.org/entity/Q16204628
Sean O'Pry	http://www.wikidata.org/entity/Q2346200
Serafima Vakulenko	http://www.wikidata.org/entity/Q18638004
Sessilee Lopez	http://www.wikidata.org/entity/Q651155
Shalom Harlow	http://www.wikidata.org/entity/Q273662
Shanina Shaik	http://www.wikidata.org/entity/Q7488652
Shannan Click	http://www.wikidata.org/entity/Q2082731
Sharam Diniz	http://www.wikidata.org/entity/Q16940814
Sharon Wauchob	http://www.wikidata.org/entity/Q7490256
Sheila Marquez	http://www.wikidata.org/entity/Q3756244
Shelby Coleman	http://www.wikidata.org/entity/Q19668679
Shirin Guild	http://www.wikidata.org/entity/Q7498600
Shirley Mallmann	http://www.wikidata.org/entity/Q3959625
Sigrid Agren	http://www.wikidata.org/entity/Q1108755
Silvia Battisti	http://www.wikidata.org/entity/Q669951
Simon Nessman	http://www.wikidata.org/entity/Q965278
Simon Spurr	http://www.wikidata.org/entity/Q7519808
Simone Mirman	http://www.wikidata.org/entity/Q7520369
Simone Rocha	http://www.wikidata.org/entity/Q42969376
Simons, Raf	http://www.wikidata.org/entity/Q1347583
Siri Tollerød	http://www.wikidata.org/entity/Q7530244
Sita Murt	http://www.wikidata.org/entity/Q3823369
Sitbon, Martine	http://www.wikidata.org/entity/Q19630168
Sjaak Hullekes	http://www.wikidata.org/entity/Q2867242
Skye Stracke	http://www.wikidata.org/entity/Q3962650
Slobbe, Alexander van	http://www.wikidata.org/entity/Q19712663
Smith, Paul	http://www.wikidata.org/entity/Q1231482
Snejana Onopka	http://www.wikidata.org/entity/Q2617101
Solange	http://www.wikidata.org/entity/Q231228
Sonia Rykiel	http://www.wikidata.org/entity/Q237944
Sonja Wanda	http://www.wikidata.org/entity/Q12002020
Sophia	http://www.wikidata.org/entity/Q10373420
Sophia Kokosalaki	http://www.wikidata.org/entity/Q3564574
Sophie Hulme	http://www.wikidata.org/entity/Q7563010
Sophie Theallet	http://www.wikidata.org/entity/Q1290291
Souleiman, Eugene (Hair stylist)	http://www.wikidata.org/entity/Q16885807
Stella Maxwell	http://www.wikidata.org/entity/Q18637716
Stella McCartney	http://www.wikidata.org/entity/Q232812
Stella Tennant	http://www.wikidata.org/entity/Q2555308
Sten Didrik Bellander	http://www.wikidata.org/entity/Q5569413
Stephan Schneider	http://www.wikidata.org/entity/Q11312292
Stephan Vanfleteren	http://www.wikidata.org/entity/Q2656009
Stephane Rolland	http://www.wikidata.org/entity/Q3502045
Stephanie Lee	http://www.wikidata.org/entity/Q21576362
Stephanie Rad	http://www.wikidata.org/entity/Q10374165
Stephen Burrows	http://www.wikidata.org/entity/Q7608814
Stephen Jones	http://www.wikidata.org/entity/Q2670107
Stephen Sprouse	http://www.wikidata.org/entity/Q7610582
Stephen, John	http://www.wikidata.org/entity/Q6259011
Steve Madden	http://www.wikidata.org/entity/Q5971274
Steven Alan	http://www.wikidata.org/entity/Q7614442
Stiletto	http://www.wikidata.org/entity/Q118768
Stine Goya	http://www.wikidata.org/entity/Q12337269
Stradivarius	http://www.wikidata.org/entity/Q3322945
Stuart Weitzman	http://www.wikidata.org/entity/Q16106134
Stéphane Rolland	http://www.wikidata.org/entity/Q3502045
Sue Wong	http://www.wikidata.org/entity/Q16751082
Sui He	http://www.wikidata.org/entity/Q8965155
Sui, Anna	http://www.wikidata.org/entity/Q262789
Susan Cianciolo	http://www.wikidata.org/entity/Q27950844
Susan Eldridge	http://www.wikidata.org/entity/Q7647791
Suvi Koponen	http://www.wikidata.org/entity/Q2357793
Suzanne Lanza	http://www.wikidata.org/entity/Q7650895
Suzanne Lee	http://www.wikidata.org/entity/Q7650902
Sveva Alviti	http://www.wikidata.org/entity/Q27959534
Sylvia Owori	http://www.wikidata.org/entity/Q19668732
Sébastien Jondeau	http://www.wikidata.org/entity/Q3979276
Sébastien Meunier	http://www.wikidata.org/entity/Q28042571
Tadashi Shoji	http://www.wikidata.org/entity/Q16123883
Takada, Kenzo	http://www.wikidata.org/entity/Q454927
Talbot Runhof	http://www.wikidata.org/entity/Q1459224
Tali Lennox	http://www.wikidata.org/entity/Q18648856
Tallulah Morton	http://www.wikidata.org/entity/Q7680186
Talytha Pugliesi	http://www.wikidata.org/entity/Q10377981
Taminiau, Jan	http://www.wikidata.org/entity/Q2568967
Tanga Moreau	http://www.wikidata.org/entity/Q7682777
Tanya Dziahileva	http://www.wikidata.org/entity/Q2465059
Tao Okamoto	http://www.wikidata.org/entity/Q4353280
Taryn Davidson	http://www.wikidata.org/entity/Q7686986
Tasha Tilberg	http://www.wikidata.org/entity/Q7687176
Tatiana Cotliar	http://www.wikidata.org/entity/Q7688067
Tatjana Patitz	http://www.wikidata.org/entity/Q65023
Taylor Fuchs	http://www.wikidata.org/entity/Q1508413
Ted Lapidus	http://www.wikidata.org/entity/Q725402
Teresa Lourenco	http://www.wikidata.org/entity/Q2404596
Terry de Havilland	http://www.wikidata.org/entity/Q16105948
Thaarup, Aage	http://www.wikidata.org/entity/Q18162738
Theory	http://www.wikidata.org/entity/Q2039867
Theres Alexandersson	http://www.wikidata.org/entity/Q4934891
Thierry Mugler	http://www.wikidata.org/entity/Q862473
Thom Browne	http://www.wikidata.org/entity/Q3524805
Théo Mercier	http://www.wikidata.org/entity/Q7799851
Tiiu Kuik	http://www.wikidata.org/entity/Q262176
Tilda Lindstam	http://www.wikidata.org/entity/Q22677400
Tim Hamilton	http://www.wikidata.org/entity/Q7803590
Tim Soar	http://www.wikidata.org/entity/Q7804310
Tim Van Steenbergen	http://www.wikidata.org/entity/Q53091236
Tina Leser	http://www.wikidata.org/entity/Q25630264
Todd Lynn	http://www.wikidata.org/entity/Q2438455
Todd Oldham	http://www.wikidata.org/entity/Q3530268
Tokio Kumagai	http://www.wikidata.org/entity/Q11568795
Tom	http://www.wikidata.org/entity/Q208026
Tom Ford	http://www.wikidata.org/entity/Q318149
Tom Gilbey	http://www.wikidata.org/entity/Q17402536
Tom Munro	http://www.wikidata.org/entity/Q60048188
Tom Nicon	http://www.wikidata.org/entity/Q2671129
Tomasz Starzewski	http://www.wikidata.org/entity/Q7818472
Tommy Hilfiger	http://www.wikidata.org/entity/Q136687
Tommy Nutter	http://www.wikidata.org/entity/Q7819747
Tommy Roberts	http://www.wikidata.org/entity/Q7819809
Tommy Ton	http://www.wikidata.org/entity/Q7819939
Toni Francesc	http://www.wikidata.org/entity/Q9088353
Toni Garrn	http://www.wikidata.org/entity/Q64960
Tony Ward	http://www.wikidata.org/entity/Q18353292
Tore Johnson	http://www.wikidata.org/entity/Q5889324
Tory Burch	http://www.wikidata.org/entity/Q2945547
Tracy Reese	http://www.wikidata.org/entity/Q7831831
Trish Goff	http://www.wikidata.org/entity/Q7843992
Trussardi	http://www.wikidata.org/entity/Q2456630
Tseklenis, Yannis	http://www.wikidata.org/entity/Q12875261
Tsumori Chisato	http://www.wikidata.org/entity/Q11318809
Turnover	http://www.wikidata.org/entity/Q29554535
Ty	http://www.wikidata.org/entity/Q47457021
Tyler Riggs	http://www.wikidata.org/entity/Q4001149
Ubah Hassan	http://www.wikidata.org/entity/Q16232002
Ubbink, Hans	http://www.wikidata.org/entity/Q14777750
Ujjwala Raut	http://www.wikidata.org/entity/Q4002994
Uli Marchsteiner	http://www.wikidata.org/entity/Q22570058
Ulyana Sergeenko	http://www.wikidata.org/entity/Q18356262
Ungaro	http://www.wikidata.org/entity/Q29049010
Ungaro, Emanuel	http://www.wikidata.org/entity/Q529203
Ungaro, Emanuel (Lugar de nacimiento: Francia, 1933)	http://www.wikidata.org/entity/Q529203
United Bamboo	http://www.wikidata.org/entity/Q7887499
Valentin Yudashkin	http://www.wikidata.org/entity/Q3553614
Valentina Zelyaeva	http://www.wikidata.org/entity/Q1083486
Valentino	http://www.wikidata.org/entity/Q379664
Valentino (Lugar de nacimiento: Italia, 1932)	http://www.wikidata.org/entity/Q379664
Valentino Garavani	http://www.wikidata.org/entity/Q379664
Valerija Kelava	http://www.wikidata.org/entity/Q4007848
Vanessa	http://www.wikidata.org/entity/Q4378406
Vanessa Axente	http://www.wikidata.org/entity/Q7914606
Vanessa Bruno	http://www.wikidata.org/entity/Q3493957
Vanessa Hegelmaier	http://www.wikidata.org/entity/Q172690
Vanessa Hessler	http://www.wikidata.org/entity/Q242896
Varela, Felipe	http://www.wikidata.org/entity/Q5442060
Vassilis Barbarigos	http://www.wikidata.org/entity/Q24175080
Vera Wang	http://www.wikidata.org/entity/Q230728
Verhey, Nico	http://www.wikidata.org/entity/Q29556874
Verino, Roberto (Lugar de nacimiento: Verín, 1945)	http://www.wikidata.org/entity/Q3394177
Veronique Branquinho	http://www.wikidata.org/entity/Q2553414
Versace	http://www.wikidata.org/entity/Q696376
Vicky Kaya	http://www.wikidata.org/entity/Q451090
Victor Costa	http://www.wikidata.org/entity/Q56254538
Victor Malmström	http://www.wikidata.org/entity/Q5974204
Victor Papanek	http://www.wikidata.org/entity/Q89542
Victor Stiebel	http://www.wikidata.org/entity/Q7926371
Victor Stiebel (designer, possibly)	http://www.wikidata.org/entity/Q7926371
Victoria Beckham	http://www.wikidata.org/entity/Q19810
Victoria Gres	http://www.wikidata.org/entity/Q17403016
Vika Falileeva	http://www.wikidata.org/entity/Q8953615
Viktor & Rolf	http://www.wikidata.org/entity/Q2707765
Viktoriya Sasonkina	http://www.wikidata.org/entity/Q12093188
Villarreal, Flora	http://www.wikidata.org/entity/Q18922466
Vionnet, Madeleine	http://www.wikidata.org/entity/Q266934
Visser, Mart	http://www.wikidata.org/entity/Q2671798
Vita Sidorkina	http://www.wikidata.org/entity/Q21786391
Viviane Orth	http://www.wikidata.org/entity/Q10392203
Viviane Sassen	http://www.wikidata.org/entity/Q18429352
Vivienne Tam	http://www.wikidata.org/entity/Q2634269
Vivienne Westwood	http://www.wikidata.org/entity/Q158067
Viyella	http://www.wikidata.org/entity/Q3561682
Vlada Roslyakova	http://www.wikidata.org/entity/Q1191177
Vorst, Carla van der	http://www.wikidata.org/entity/Q55287291
Vos, Edgar	http://www.wikidata.org/entity/Q2198454
Vries, Sheila de	http://www.wikidata.org/entity/Q14863320
Véronique Leroy	http://www.wikidata.org/entity/Q14517103
Walter Albini	http://www.wikidata.org/entity/Q4017870
Walter Steiger	http://www.wikidata.org/entity/Q3565894
Walter Van Beirendonck	http://www.wikidata.org/entity/Q1396462
Walter van Beirendonck	http://www.wikidata.org/entity/Q1396462
Wanda Tuerlinckx	http://www.wikidata.org/entity/Q54412079
Watanabe, Junya	http://www.wikidata.org/entity/Q375027
Wendy Dagworthy	http://www.wikidata.org/entity/Q16145870
Wes	http://www.wikidata.org/entity/Q56513324
Wester, Carin	http://www.wikidata.org/entity/Q4990348
Westwood, Vivienne	http://www.wikidata.org/entity/Q158067
Westwood, Vivienne (Lugar de nacimiento: Gran Bretaña, 1941)	http://www.wikidata.org/entity/Q158067
Willhelm, Bernhard	http://www.wikidata.org/entity/Q936206
William Tempest	http://www.wikidata.org/entity/Q8019239
Willy Cartier	http://www.wikidata.org/entity/Q16683362
Worth, Charles Frederick	http://www.wikidata.org/entity/Q454330
Wouter Deruytter	http://www.wikidata.org/entity/Q22235910
Xiao Wen Ju	http://www.wikidata.org/entity/Q3722499
Xuly Bët	http://www.wikidata.org/entity/Q8045255
Yamamoto, Kansai	http://www.wikidata.org/entity/Q6364496
Yamamoto, Yohji	http://www.wikidata.org/entity/Q707890
Yana Karpova	http://www.wikidata.org/entity/Q3571515
Yannis Tseklenis	http://www.wikidata.org/entity/Q12875261
Yasmin Le Bon	http://www.wikidata.org/entity/Q601805
Yasmin Warsame	http://www.wikidata.org/entity/Q510948
Yelena Yemchuk	http://www.wikidata.org/entity/Q8051510
Yeohlee	http://www.wikidata.org/entity/Q8052423
Yigal Azrouël	http://www.wikidata.org/entity/Q8053567
Yiqing Yin	http://www.wikidata.org/entity/Q16683689
Ymre Stiekema	http://www.wikidata.org/entity/Q2276733
Yohji Yamamoto	http://www.wikidata.org/entity/Q707890
Yuki Torii	http://www.wikidata.org/entity/Q11674875
Yulia Leontieva	http://www.wikidata.org/entity/Q3573185
Yves Saint Laurent	http://www.wikidata.org/entity/Q171556
Yves Saint-Laurent	http://www.wikidata.org/entity/Q171556
Zac Posen	http://www.wikidata.org/entity/Q139161
Zandra Rhodes	http://www.wikidata.org/entity/Q1995217
Zang Toi	http://www.wikidata.org/entity/Q8066159
Zara	http://www.wikidata.org/entity/Q147662
Zhenya Katava	http://www.wikidata.org/entity/Q41672783
Zoe Jordan	http://www.wikidata.org/entity/Q16240153
Zuhair Murad	http://www.wikidata.org/entity/Q3088769
Zuzana Gregorova	http://www.wikidata.org/entity/Q3576310
Zuzana Kralova	http://www.wikidata.org/entity/Q8075474
Zuzanna Bijoch	http://www.wikidata.org/entity/Q6710942
Åke E:son Lindman	http://www.wikidata.org/entity/Q5957132
Łukasz Jemioł	http://www.wikidata.org/entity/Q16913526
Pitti Immagine	http://www.wikidata.org/entity/Q2097304
Pedro Rodríguez	http://www.wikidata.org/entity/Q18882661
Rodriguez, Pedro	http://www.wikidata.org/entity/Q18882661
Stiftelsen Nordiska museet	http://www.wikidata.org/entity/Q1142142
Paul Van Riel	http://www.wikidata.org/entity/Q29221805
Anne-Marie Beretta	http://www.wikidata.org/entity/Q3617928